--------------------------------------------------------
--  파일이 생성됨 - 토요일-3월-19-2022   
--------------------------------------------------------
--------------------------------------------------------
--  DDL for Sequence SEQ_LPROD_ID
--------------------------------------------------------

   CREATE SEQUENCE  "PTJ94"."SEQ_LPROD_ID"  MINVALUE 1 MAXVALUE 9999999999999999999999999999 INCREMENT BY 1 START WITH 30 CACHE 20 NOORDER  NOCYCLE ;
--------------------------------------------------------
--  DDL for Sequence SEQ_SAMPLE
--------------------------------------------------------

   CREATE SEQUENCE  "PTJ94"."SEQ_SAMPLE"  MINVALUE 1 MAXVALUE 9999999999999999999999999999 INCREMENT BY 1 START WITH 30 CACHE 20 NOORDER  NOCYCLE ;
--------------------------------------------------------
--  DDL for Table BANKINFO
--------------------------------------------------------

  CREATE TABLE "PTJ94"."BANKINFO" 
   (	"BANK_NO" VARCHAR2(40 BYTE), 
	"BANK_NAME" VARCHAR2(40 BYTE), 
	"BANK_USER_NAME" VARCHAR2(30 BYTE), 
	"BANK_DATE" DATE
   ) SEGMENT CREATION IMMEDIATE 
  PCTFREE 10 PCTUSED 40 INITRANS 1 MAXTRANS 255 NOCOMPRESS LOGGING
  STORAGE(INITIAL 65536 NEXT 1048576 MINEXTENTS 1 MAXEXTENTS 2147483645
  PCTINCREASE 0 FREELISTS 1 FREELIST GROUPS 1 BUFFER_POOL DEFAULT FLASH_CACHE DEFAULT CELL_FLASH_CACHE DEFAULT)
  TABLESPACE "SYSTEM" ;
--------------------------------------------------------
--  DDL for Table BUYER
--------------------------------------------------------

  CREATE TABLE "PTJ94"."BUYER" 
   (	"BUYER_ID" CHAR(6 BYTE), 
	"BUYER_NAME" VARCHAR2(40 BYTE), 
	"BUYER_LGU" CHAR(4 BYTE), 
	"BUYER_BANK" VARCHAR2(40 BYTE), 
	"BUYER_BANKNO" VARCHAR2(40 BYTE), 
	"BUYER_BANKNAME" VARCHAR2(15 BYTE), 
	"BUYER_ZIP" CHAR(7 BYTE), 
	"BUYER_ADD1" VARCHAR2(100 BYTE), 
	"BUYER_ADD2" VARCHAR2(80 BYTE), 
	"BUYER_COMTEL" VARCHAR2(14 BYTE), 
	"BUYER_FAX" VARCHAR2(20 BYTE), 
	"BUYER_MAIL" VARCHAR2(40 BYTE), 
	"BUYER_CHARGER" VARCHAR2(10 BYTE), 
	"BUYER_TELEXT" VARCHAR2(2 BYTE)
   ) SEGMENT CREATION IMMEDIATE 
  PCTFREE 10 PCTUSED 40 INITRANS 1 MAXTRANS 255 NOCOMPRESS LOGGING
  STORAGE(INITIAL 65536 NEXT 1048576 MINEXTENTS 1 MAXEXTENTS 2147483645
  PCTINCREASE 0 FREELISTS 1 FREELIST GROUPS 1 BUFFER_POOL DEFAULT FLASH_CACHE DEFAULT CELL_FLASH_CACHE DEFAULT)
  TABLESPACE "SYSTEM" ;
--------------------------------------------------------
--  DDL for Table BUYPROD
--------------------------------------------------------

  CREATE TABLE "PTJ94"."BUYPROD" 
   (	"BUY_DATE" DATE, 
	"BUY_PROD" VARCHAR2(10 BYTE), 
	"BUY_QTY" NUMBER(10,0), 
	"BUY_COST" NUMBER(10,0)
   ) SEGMENT CREATION IMMEDIATE 
  PCTFREE 10 PCTUSED 40 INITRANS 1 MAXTRANS 255 NOCOMPRESS LOGGING
  STORAGE(INITIAL 65536 NEXT 1048576 MINEXTENTS 1 MAXEXTENTS 2147483645
  PCTINCREASE 0 FREELISTS 1 FREELIST GROUPS 1 BUFFER_POOL DEFAULT FLASH_CACHE DEFAULT CELL_FLASH_CACHE DEFAULT)
  TABLESPACE "SYSTEM" ;
--------------------------------------------------------
--  DDL for Table CART
--------------------------------------------------------

  CREATE TABLE "PTJ94"."CART" 
   (	"CART_MEMBER" VARCHAR2(15 BYTE), 
	"CART_NO" CHAR(13 BYTE), 
	"CART_PROD" VARCHAR2(10 BYTE), 
	"CART_QTY" NUMBER(8,0)
   ) SEGMENT CREATION IMMEDIATE 
  PCTFREE 10 PCTUSED 40 INITRANS 1 MAXTRANS 255 NOCOMPRESS LOGGING
  STORAGE(INITIAL 65536 NEXT 1048576 MINEXTENTS 1 MAXEXTENTS 2147483645
  PCTINCREASE 0 FREELISTS 1 FREELIST GROUPS 1 BUFFER_POOL DEFAULT FLASH_CACHE DEFAULT CELL_FLASH_CACHE DEFAULT)
  TABLESPACE "SYSTEM" ;

   COMMENT ON COLUMN "PTJ94"."CART"."CART_MEMBER" IS '회원ID';
   COMMENT ON COLUMN "PTJ94"."CART"."CART_NO" IS '주문번호';
   COMMENT ON COLUMN "PTJ94"."CART"."CART_PROD" IS '상품코드';
   COMMENT ON COLUMN "PTJ94"."CART"."CART_QTY" IS '수량';
   COMMENT ON TABLE "PTJ94"."CART"  IS '장바구니 정보 테이블';
--------------------------------------------------------
--  DDL for Table CUSTOMER
--------------------------------------------------------

  CREATE TABLE "PTJ94"."CUSTOMER" 
   (	"MEM_ID" VARCHAR2(15 BYTE), 
	"MEM_NAME" VARCHAR2(20 BYTE), 
	"MEM_MILEAGE" NUMBER(10,0)
   ) SEGMENT CREATION IMMEDIATE 
  PCTFREE 10 PCTUSED 40 INITRANS 1 MAXTRANS 255 NOCOMPRESS LOGGING
  STORAGE(INITIAL 65536 NEXT 1048576 MINEXTENTS 1 MAXEXTENTS 2147483645
  PCTINCREASE 0 FREELISTS 1 FREELIST GROUPS 1 BUFFER_POOL DEFAULT FLASH_CACHE DEFAULT CELL_FLASH_CACHE DEFAULT)
  TABLESPACE "SYSTEM" ;
--------------------------------------------------------
--  DDL for Table DEPT
--------------------------------------------------------

  CREATE TABLE "PTJ94"."DEPT" 
   (	"DEPT_ID" CHAR(6 BYTE), 
	"DEPT_NAME" VARCHAR2(50 BYTE)
   ) SEGMENT CREATION IMMEDIATE 
  PCTFREE 10 PCTUSED 40 INITRANS 1 MAXTRANS 255 NOCOMPRESS LOGGING
  STORAGE(INITIAL 65536 NEXT 1048576 MINEXTENTS 1 MAXEXTENTS 2147483645
  PCTINCREASE 0 FREELISTS 1 FREELIST GROUPS 1 BUFFER_POOL DEFAULT FLASH_CACHE DEFAULT CELL_FLASH_CACHE DEFAULT)
  TABLESPACE "SYSTEM" ;
--------------------------------------------------------
--  DDL for Table EMP
--------------------------------------------------------

  CREATE TABLE "PTJ94"."EMP" 
   (	"EMP_ID" CHAR(4 BYTE), 
	"EMP_NAME" VARCHAR2(30 BYTE), 
	"EMP_ADDR" VARCHAR2(100 BYTE), 
	"DEPT_ID" CHAR(6 BYTE)
   ) SEGMENT CREATION IMMEDIATE 
  PCTFREE 10 PCTUSED 40 INITRANS 1 MAXTRANS 255 NOCOMPRESS LOGGING
  STORAGE(INITIAL 65536 NEXT 1048576 MINEXTENTS 1 MAXEXTENTS 2147483645
  PCTINCREASE 0 FREELISTS 1 FREELIST GROUPS 1 BUFFER_POOL DEFAULT FLASH_CACHE DEFAULT CELL_FLASH_CACHE DEFAULT)
  TABLESPACE "SYSTEM" ;
--------------------------------------------------------
--  DDL for Table GOODS
--------------------------------------------------------

  CREATE TABLE "PTJ94"."GOODS" 
   (	"PROD_ID" VARCHAR2(10 BYTE), 
	"PROD_NAME" VARCHAR2(40 BYTE), 
	"PROD_LGU" CHAR(4 BYTE), 
	"PROD_PRICE" NUMBER(10,0)
   ) SEGMENT CREATION IMMEDIATE 
  PCTFREE 10 PCTUSED 40 INITRANS 1 MAXTRANS 255 NOCOMPRESS LOGGING
  STORAGE(INITIAL 65536 NEXT 1048576 MINEXTENTS 1 MAXEXTENTS 2147483645
  PCTINCREASE 0 FREELISTS 1 FREELIST GROUPS 1 BUFFER_POOL DEFAULT FLASH_CACHE DEFAULT CELL_FLASH_CACHE DEFAULT)
  TABLESPACE "SYSTEM" ;
--------------------------------------------------------
--  DDL for Table HELLO
--------------------------------------------------------

  CREATE TABLE "PTJ94"."HELLO" 
   (	"COLUMN1" VARCHAR2(20 BYTE), 
	"COLUMN2" VARCHAR2(20 BYTE), 
	"COLUMN3" VARCHAR2(20 BYTE), 
	"COLUMN4" VARCHAR2(20 BYTE), 
	"COLUMN5" VARCHAR2(20 BYTE), 
	"COLUMN6" VARCHAR2(20 BYTE)
   ) SEGMENT CREATION IMMEDIATE 
  PCTFREE 10 PCTUSED 40 INITRANS 1 MAXTRANS 255 NOCOMPRESS LOGGING
  STORAGE(INITIAL 65536 NEXT 1048576 MINEXTENTS 1 MAXEXTENTS 2147483645
  PCTINCREASE 0 FREELISTS 1 FREELIST GROUPS 1 BUFFER_POOL DEFAULT FLASH_CACHE DEFAULT CELL_FLASH_CACHE DEFAULT)
  TABLESPACE "SYSTEM" ;
--------------------------------------------------------
--  DDL for Table LPROD
--------------------------------------------------------

  CREATE TABLE "PTJ94"."LPROD" 
   (	"LPROD_ID" NUMBER(7,0), 
	"LPROD_GU" CHAR(4 BYTE), 
	"LPROD_NM" VARCHAR2(40 BYTE)
   ) SEGMENT CREATION IMMEDIATE 
  PCTFREE 10 PCTUSED 40 INITRANS 1 MAXTRANS 255 NOCOMPRESS LOGGING
  STORAGE(INITIAL 65536 NEXT 1048576 MINEXTENTS 1 MAXEXTENTS 2147483645
  PCTINCREASE 0 FREELISTS 1 FREELIST GROUPS 1 BUFFER_POOL DEFAULT FLASH_CACHE DEFAULT CELL_FLASH_CACHE DEFAULT)
  TABLESPACE "SYSTEM" ;
--------------------------------------------------------
--  DDL for Table MEMBER
--------------------------------------------------------

  CREATE TABLE "PTJ94"."MEMBER" 
   (	"MEM_ID" VARCHAR2(15 BYTE), 
	"MEM_PASS" VARCHAR2(15 BYTE), 
	"MEM_NAME" VARCHAR2(20 BYTE), 
	"MEM_REGNO1" CHAR(6 BYTE), 
	"MEM_REGNO2" CHAR(7 BYTE), 
	"MEM_BIR" DATE, 
	"MEM_ZIP" CHAR(7 BYTE), 
	"MEM_ADD1" VARCHAR2(100 BYTE), 
	"MEM_ADD2" VARCHAR2(80 BYTE), 
	"MEM_HOMETEL" VARCHAR2(14 BYTE), 
	"MEM_COMTEL" VARCHAR2(14 BYTE), 
	"MEM_HP" VARCHAR2(15 BYTE), 
	"MEM_MAIL" VARCHAR2(40 BYTE), 
	"MEM_JOB" VARCHAR2(40 BYTE), 
	"MEM_LIKE" VARCHAR2(40 BYTE), 
	"MEM_MEMORIAL" VARCHAR2(40 BYTE), 
	"MEM_MEMORIALDAY" DATE, 
	"MEM_MILEAGE" NUMBER(10,0), 
	"MEM_DELETE" VARCHAR2(1 BYTE)
   ) SEGMENT CREATION IMMEDIATE 
  PCTFREE 10 PCTUSED 40 INITRANS 1 MAXTRANS 255 NOCOMPRESS LOGGING
  STORAGE(INITIAL 65536 NEXT 1048576 MINEXTENTS 1 MAXEXTENTS 2147483645
  PCTINCREASE 0 FREELISTS 1 FREELIST GROUPS 1 BUFFER_POOL DEFAULT FLASH_CACHE DEFAULT CELL_FLASH_CACHE DEFAULT)
  TABLESPACE "SYSTEM" ;
--------------------------------------------------------
--  DDL for Table MYMEMBER
--------------------------------------------------------

  CREATE TABLE "PTJ94"."MYMEMBER" 
   (	"MEM_ID" VARCHAR2(15 BYTE), 
	"MEM_NAME" VARCHAR2(30 BYTE), 
	"MEM_PASS" VARCHAR2(70 BYTE), 
	"MEM_TEL" VARCHAR2(14 BYTE), 
	"MEM_ADDR" VARCHAR2(70 BYTE)
   ) SEGMENT CREATION IMMEDIATE 
  PCTFREE 10 PCTUSED 40 INITRANS 1 MAXTRANS 255 NOCOMPRESS LOGGING
  STORAGE(INITIAL 65536 NEXT 1048576 MINEXTENTS 1 MAXEXTENTS 2147483645
  PCTINCREASE 0 FREELISTS 1 FREELIST GROUPS 1 BUFFER_POOL DEFAULT FLASH_CACHE DEFAULT CELL_FLASH_CACHE DEFAULT)
  TABLESPACE "SYSTEM" ;
--------------------------------------------------------
--  DDL for Table PROD
--------------------------------------------------------

  CREATE TABLE "PTJ94"."PROD" 
   (	"PROD_ID" VARCHAR2(10 BYTE), 
	"PROD_NAME" VARCHAR2(40 BYTE), 
	"PROD_LGU" CHAR(4 BYTE), 
	"PROD_BUYER" CHAR(6 BYTE), 
	"PROD_COST" NUMBER(10,0), 
	"PROD_PRICE" NUMBER(10,0), 
	"PROD_SALE" NUMBER(10,0), 
	"PROD_OUTLINE" VARCHAR2(100 BYTE), 
	"PROD_DETAIL" CLOB, 
	"PROD_IMG" VARCHAR2(40 BYTE), 
	"PROD_TOTALSTOCK" NUMBER(10,0), 
	"PROD_INSDATE" DATE, 
	"PROD_PROPERSTOCK" NUMBER(10,0), 
	"PROD_SIZE" VARCHAR2(20 BYTE), 
	"PROD_COLOR" VARCHAR2(20 BYTE), 
	"PROD_DELIVERY" VARCHAR2(255 BYTE), 
	"PROD_UNIT" VARCHAR2(6 BYTE), 
	"PROD_QTYIN" NUMBER(10,0), 
	"PROD_QTYSALE" NUMBER(10,0), 
	"PROD_MILEAGE" NUMBER(10,0)
   ) SEGMENT CREATION IMMEDIATE 
  PCTFREE 10 PCTUSED 40 INITRANS 1 MAXTRANS 255 NOCOMPRESS LOGGING
  STORAGE(INITIAL 65536 NEXT 1048576 MINEXTENTS 1 MAXEXTENTS 2147483645
  PCTINCREASE 0 FREELISTS 1 FREELIST GROUPS 1 BUFFER_POOL DEFAULT FLASH_CACHE DEFAULT CELL_FLASH_CACHE DEFAULT)
  TABLESPACE "SYSTEM" 
 LOB ("PROD_DETAIL") STORE AS BASICFILE (
  TABLESPACE "SYSTEM" ENABLE STORAGE IN ROW CHUNK 8192 RETENTION 
  NOCACHE LOGGING 
  STORAGE(INITIAL 65536 NEXT 1048576 MINEXTENTS 1 MAXEXTENTS 2147483645
  PCTINCREASE 0 FREELISTS 1 FREELIST GROUPS 1 BUFFER_POOL DEFAULT FLASH_CACHE DEFAULT CELL_FLASH_CACHE DEFAULT)) ;
--------------------------------------------------------
--  DDL for Table REMAIN
--------------------------------------------------------

  CREATE TABLE "PTJ94"."REMAIN" 
   (	"REMAIN_YEAR" CHAR(4 BYTE), 
	"PROD_ID" VARCHAR2(10 BYTE), 
	"REMAIN_J_00" NUMBER(5,0) DEFAULT 0, 
	"REMAIN_O" NUMBER(5,0) DEFAULT 0, 
	"REMAIN_I" NUMBER(5,0) DEFAULT 0, 
	"REMAIN_J_99" NUMBER(5,0) DEFAULT 0, 
	"REMAIN_DATE" DATE DEFAULT SYSDATE
   ) SEGMENT CREATION IMMEDIATE 
  PCTFREE 10 PCTUSED 40 INITRANS 1 MAXTRANS 255 NOCOMPRESS LOGGING
  STORAGE(INITIAL 65536 NEXT 1048576 MINEXTENTS 1 MAXEXTENTS 2147483645
  PCTINCREASE 0 FREELISTS 1 FREELIST GROUPS 1 BUFFER_POOL DEFAULT FLASH_CACHE DEFAULT CELL_FLASH_CACHE DEFAULT)
  TABLESPACE "SYSTEM" ;
--------------------------------------------------------
--  DDL for Table SAL_GRADE
--------------------------------------------------------

  CREATE TABLE "PTJ94"."SAL_GRADE" 
   (	"GRADE" NUMBER(2,0), 
	"LOW_SAL" NUMBER(6,0), 
	"MAX_SAL" NUMBER(6,0)
   ) SEGMENT CREATION IMMEDIATE 
  PCTFREE 10 PCTUSED 40 INITRANS 1 MAXTRANS 255 NOCOMPRESS LOGGING
  STORAGE(INITIAL 65536 NEXT 1048576 MINEXTENTS 1 MAXEXTENTS 2147483645
  PCTINCREASE 0 FREELISTS 1 FREELIST GROUPS 1 BUFFER_POOL DEFAULT FLASH_CACHE DEFAULT CELL_FLASH_CACHE DEFAULT)
  TABLESPACE "SYSTEM" ;
--------------------------------------------------------
--  DDL for Table TABLE3
--------------------------------------------------------

  CREATE TABLE "PTJ94"."TABLE3" 
   (	"P_NO" NUMBER(10,0)
   ) SEGMENT CREATION IMMEDIATE 
  PCTFREE 10 PCTUSED 40 INITRANS 1 MAXTRANS 255 NOCOMPRESS LOGGING
  STORAGE(INITIAL 65536 NEXT 1048576 MINEXTENTS 1 MAXEXTENTS 2147483645
  PCTINCREASE 0 FREELISTS 1 FREELIST GROUPS 1 BUFFER_POOL DEFAULT FLASH_CACHE DEFAULT CELL_FLASH_CACHE DEFAULT)
  TABLESPACE "SYSTEM" ;
--------------------------------------------------------
--  DDL for Table TB_ANSWER
--------------------------------------------------------

  CREATE TABLE "PTJ94"."TB_ANSWER" 
   (	"Q_NO" NUMBER(10,0), 
	"Q_ANSWER" VARCHAR2(1000 BYTE), 
	"Q_DATE" DATE
   ) SEGMENT CREATION IMMEDIATE 
  PCTFREE 10 PCTUSED 40 INITRANS 1 MAXTRANS 255 NOCOMPRESS LOGGING
  STORAGE(INITIAL 65536 NEXT 1048576 MINEXTENTS 1 MAXEXTENTS 2147483645
  PCTINCREASE 0 FREELISTS 1 FREELIST GROUPS 1 BUFFER_POOL DEFAULT FLASH_CACHE DEFAULT CELL_FLASH_CACHE DEFAULT)
  TABLESPACE "SYSTEM" ;
--------------------------------------------------------
--  DDL for Table TB_BOARD
--------------------------------------------------------

  CREATE TABLE "PTJ94"."TB_BOARD" 
   (	"ARTICLENO" NUMBER(10,0), 
	"TITLE" VARCHAR2(100 BYTE), 
	"CONTENT" VARCHAR2(1000 BYTE), 
	"WRITEDATE" DATE
   ) SEGMENT CREATION IMMEDIATE 
  PCTFREE 10 PCTUSED 40 INITRANS 1 MAXTRANS 255 NOCOMPRESS LOGGING
  STORAGE(INITIAL 65536 NEXT 1048576 MINEXTENTS 1 MAXEXTENTS 2147483645
  PCTINCREASE 0 FREELISTS 1 FREELIST GROUPS 1 BUFFER_POOL DEFAULT FLASH_CACHE DEFAULT CELL_FLASH_CACHE DEFAULT)
  TABLESPACE "SYSTEM" ;
--------------------------------------------------------
--  DDL for Table TB_CARDINFO
--------------------------------------------------------

  CREATE TABLE "PTJ94"."TB_CARDINFO" 
   (	"ID" VARCHAR2(50 BYTE), 
	"CARD_NO" NUMBER(16,0), 
	"CARD_PWD" NUMBER(4,0)
   ) SEGMENT CREATION IMMEDIATE 
  PCTFREE 10 PCTUSED 40 INITRANS 1 MAXTRANS 255 NOCOMPRESS LOGGING
  STORAGE(INITIAL 65536 NEXT 1048576 MINEXTENTS 1 MAXEXTENTS 2147483645
  PCTINCREASE 0 FREELISTS 1 FREELIST GROUPS 1 BUFFER_POOL DEFAULT FLASH_CACHE DEFAULT CELL_FLASH_CACHE DEFAULT)
  TABLESPACE "SYSTEM" ;
--------------------------------------------------------
--  DDL for Table TB_COMMENT
--------------------------------------------------------

  CREATE TABLE "PTJ94"."TB_COMMENT" 
   (	"M_CNO" NUMBER(10,0), 
	"M_NO" NUMBER(10,0), 
	"ID" VARCHAR2(50 BYTE), 
	"M_COMMENT" VARCHAR2(500 BYTE)
   ) SEGMENT CREATION IMMEDIATE 
  PCTFREE 10 PCTUSED 40 INITRANS 1 MAXTRANS 255 NOCOMPRESS LOGGING
  STORAGE(INITIAL 65536 NEXT 1048576 MINEXTENTS 1 MAXEXTENTS 2147483645
  PCTINCREASE 0 FREELISTS 1 FREELIST GROUPS 1 BUFFER_POOL DEFAULT FLASH_CACHE DEFAULT CELL_FLASH_CACHE DEFAULT)
  TABLESPACE "SYSTEM" ;
--------------------------------------------------------
--  DDL for Table TB_COUPON
--------------------------------------------------------

  CREATE TABLE "PTJ94"."TB_COUPON" 
   (	"COU_NO" NUMBER(10,0), 
	"COU_NAME" VARCHAR2(100 BYTE), 
	"COU_PRICE" NUMBER(10,0), 
	"COU_SIZE" NUMBER(10,0)
   ) SEGMENT CREATION IMMEDIATE 
  PCTFREE 10 PCTUSED 40 INITRANS 1 MAXTRANS 255 NOCOMPRESS LOGGING
  STORAGE(INITIAL 65536 NEXT 1048576 MINEXTENTS 1 MAXEXTENTS 2147483645
  PCTINCREASE 0 FREELISTS 1 FREELIST GROUPS 1 BUFFER_POOL DEFAULT FLASH_CACHE DEFAULT CELL_FLASH_CACHE DEFAULT)
  TABLESPACE "SYSTEM" ;
--------------------------------------------------------
--  DDL for Table TB_FEEL
--------------------------------------------------------

  CREATE TABLE "PTJ94"."TB_FEEL" 
   (	"F_NO" NUMBER(10,0), 
	"F_NAME" VARCHAR2(20 BYTE)
   ) SEGMENT CREATION IMMEDIATE 
  PCTFREE 10 PCTUSED 40 INITRANS 1 MAXTRANS 255 NOCOMPRESS LOGGING
  STORAGE(INITIAL 65536 NEXT 1048576 MINEXTENTS 1 MAXEXTENTS 2147483645
  PCTINCREASE 0 FREELISTS 1 FREELIST GROUPS 1 BUFFER_POOL DEFAULT FLASH_CACHE DEFAULT CELL_FLASH_CACHE DEFAULT)
  TABLESPACE "SYSTEM" ;
--------------------------------------------------------
--  DDL for Table TB_GENRE
--------------------------------------------------------

  CREATE TABLE "PTJ94"."TB_GENRE" 
   (	"G_CO" NUMBER(10,0), 
	"G_NAME" VARCHAR2(20 BYTE)
   ) SEGMENT CREATION IMMEDIATE 
  PCTFREE 10 PCTUSED 40 INITRANS 1 MAXTRANS 255 NOCOMPRESS LOGGING
  STORAGE(INITIAL 65536 NEXT 1048576 MINEXTENTS 1 MAXEXTENTS 2147483645
  PCTINCREASE 0 FREELISTS 1 FREELIST GROUPS 1 BUFFER_POOL DEFAULT FLASH_CACHE DEFAULT CELL_FLASH_CACHE DEFAULT)
  TABLESPACE "SYSTEM" ;
--------------------------------------------------------
--  DDL for Table TB_JDBC_BOARD
--------------------------------------------------------

  CREATE TABLE "PTJ94"."TB_JDBC_BOARD" 
   (	"BOARD_NO" NUMBER, 
	"TITLE" VARCHAR2(500 BYTE), 
	"CONTENT" VARCHAR2(2000 BYTE), 
	"MEM_ID" VARCHAR2(200 BYTE), 
	"REG_DATE" DATE
   ) SEGMENT CREATION IMMEDIATE 
  PCTFREE 10 PCTUSED 40 INITRANS 1 MAXTRANS 255 NOCOMPRESS LOGGING
  STORAGE(INITIAL 65536 NEXT 1048576 MINEXTENTS 1 MAXEXTENTS 2147483645
  PCTINCREASE 0 FREELISTS 1 FREELIST GROUPS 1 BUFFER_POOL DEFAULT FLASH_CACHE DEFAULT CELL_FLASH_CACHE DEFAULT)
  TABLESPACE "SYSTEM" ;
--------------------------------------------------------
--  DDL for Table TB_JDBC_MEMBER
--------------------------------------------------------

  CREATE TABLE "PTJ94"."TB_JDBC_MEMBER" 
   (	"MEM_ID" VARCHAR2(200 BYTE), 
	"PASSWORD" VARCHAR2(200 BYTE), 
	"MEM_NAME" VARCHAR2(200 BYTE)
   ) SEGMENT CREATION IMMEDIATE 
  PCTFREE 10 PCTUSED 40 INITRANS 1 MAXTRANS 255 NOCOMPRESS LOGGING
  STORAGE(INITIAL 65536 NEXT 1048576 MINEXTENTS 1 MAXEXTENTS 2147483645
  PCTINCREASE 0 FREELISTS 1 FREELIST GROUPS 1 BUFFER_POOL DEFAULT FLASH_CACHE DEFAULT CELL_FLASH_CACHE DEFAULT)
  TABLESPACE "SYSTEM" ;
--------------------------------------------------------
--  DDL for Table TB_LIST
--------------------------------------------------------

  CREATE TABLE "PTJ94"."TB_LIST" 
   (	"ID" VARCHAR2(50 BYTE), 
	"M_NO" NUMBER(10,0), 
	"L_DATE" DATE
   ) SEGMENT CREATION IMMEDIATE 
  PCTFREE 10 PCTUSED 40 INITRANS 1 MAXTRANS 255 NOCOMPRESS LOGGING
  STORAGE(INITIAL 65536 NEXT 1048576 MINEXTENTS 1 MAXEXTENTS 2147483645
  PCTINCREASE 0 FREELISTS 1 FREELIST GROUPS 1 BUFFER_POOL DEFAULT FLASH_CACHE DEFAULT CELL_FLASH_CACHE DEFAULT)
  TABLESPACE "SYSTEM" ;
--------------------------------------------------------
--  DDL for Table TB_MEMBER
--------------------------------------------------------

  CREATE TABLE "PTJ94"."TB_MEMBER" 
   (	"ID" VARCHAR2(50 BYTE), 
	"PWD" VARCHAR2(30 BYTE), 
	"NAME" VARCHAR2(20 BYTE), 
	"EMAIL" VARCHAR2(100 BYTE), 
	"BIRTH" VARCHAR2(100 BYTE), 
	"JOINDATE" DATE, 
	"ADDR" VARCHAR2(100 BYTE), 
	"CARD_PWD" NUMBER(4,0), 
	"CARD_NO" NUMBER(16,0), 
	"COL" NUMBER(10,0), 
	"P_NO" NUMBER(10,0)
   ) SEGMENT CREATION IMMEDIATE 
  PCTFREE 10 PCTUSED 40 INITRANS 1 MAXTRANS 255 NOCOMPRESS LOGGING
  STORAGE(INITIAL 65536 NEXT 1048576 MINEXTENTS 1 MAXEXTENTS 2147483645
  PCTINCREASE 0 FREELISTS 1 FREELIST GROUPS 1 BUFFER_POOL DEFAULT FLASH_CACHE DEFAULT CELL_FLASH_CACHE DEFAULT)
  TABLESPACE "SYSTEM" ;
--------------------------------------------------------
--  DDL for Table TB_MEMBER_M
--------------------------------------------------------

  CREATE TABLE "PTJ94"."TB_MEMBER_M" 
   (	"MEM_NAME" VARCHAR2(100 BYTE), 
	"MEM_ID" VARCHAR2(100 BYTE), 
	"MEM_PW" VARCHAR2(100 BYTE), 
	"MEM_MAIL" VARCHAR2(100 BYTE), 
	"MEM_JOIND" DATE, 
	"MEM_BIRD" VARCHAR2(100 BYTE), 
	"MEM_AGE" DATE, 
	"MEM_SUB" NUMBER, 
	"MEM_ADDR" VARCHAR2(200 BYTE)
   ) SEGMENT CREATION IMMEDIATE 
  PCTFREE 10 PCTUSED 40 INITRANS 1 MAXTRANS 255 NOCOMPRESS LOGGING
  STORAGE(INITIAL 65536 NEXT 1048576 MINEXTENTS 1 MAXEXTENTS 2147483645
  PCTINCREASE 0 FREELISTS 1 FREELIST GROUPS 1 BUFFER_POOL DEFAULT FLASH_CACHE DEFAULT CELL_FLASH_CACHE DEFAULT)
  TABLESPACE "SYSTEM" ;
--------------------------------------------------------
--  DDL for Table TB_NOTICE_M
--------------------------------------------------------

  CREATE TABLE "PTJ94"."TB_NOTICE_M" 
   (	"NO_NUM" NUMBER, 
	"NO_TITLE" VARCHAR2(100 BYTE), 
	"NO_CONTENT" CLOB, 
	"NO_WRITER" VARCHAR2(100 BYTE), 
	"NO_DATE" DATE DEFAULT SYSDATE
   ) SEGMENT CREATION IMMEDIATE 
  PCTFREE 10 PCTUSED 40 INITRANS 1 MAXTRANS 255 NOCOMPRESS LOGGING
  STORAGE(INITIAL 65536 NEXT 1048576 MINEXTENTS 1 MAXEXTENTS 2147483645
  PCTINCREASE 0 FREELISTS 1 FREELIST GROUPS 1 BUFFER_POOL DEFAULT FLASH_CACHE DEFAULT CELL_FLASH_CACHE DEFAULT)
  TABLESPACE "SYSTEM" 
 LOB ("NO_CONTENT") STORE AS BASICFILE (
  TABLESPACE "SYSTEM" ENABLE STORAGE IN ROW CHUNK 8192 RETENTION 
  NOCACHE LOGGING 
  STORAGE(INITIAL 65536 NEXT 1048576 MINEXTENTS 1 MAXEXTENTS 2147483645
  PCTINCREASE 0 FREELISTS 1 FREELIST GROUPS 1 BUFFER_POOL DEFAULT FLASH_CACHE DEFAULT CELL_FLASH_CACHE DEFAULT)) ;
--------------------------------------------------------
--  DDL for Table TB_QUESTION
--------------------------------------------------------

  CREATE TABLE "PTJ94"."TB_QUESTION" 
   (	"Q_NO" NUMBER(10,0), 
	"ID" VARCHAR2(50 BYTE), 
	"Q_CONTENT" VARCHAR2(1000 BYTE), 
	"Q_DATE" DATE, 
	"Q_NAME" VARCHAR2(100 BYTE)
   ) SEGMENT CREATION IMMEDIATE 
  PCTFREE 10 PCTUSED 40 INITRANS 1 MAXTRANS 255 NOCOMPRESS LOGGING
  STORAGE(INITIAL 65536 NEXT 1048576 MINEXTENTS 1 MAXEXTENTS 2147483645
  PCTINCREASE 0 FREELISTS 1 FREELIST GROUPS 1 BUFFER_POOL DEFAULT FLASH_CACHE DEFAULT CELL_FLASH_CACHE DEFAULT)
  TABLESPACE "SYSTEM" ;
--------------------------------------------------------
--  DDL for Table TB_SUB
--------------------------------------------------------

  CREATE TABLE "PTJ94"."TB_SUB" 
   (	"SUB_YN" NUMBER(20,0), 
	"SUB_NAME" VARCHAR2(100 BYTE)
   ) SEGMENT CREATION IMMEDIATE 
  PCTFREE 10 PCTUSED 40 INITRANS 1 MAXTRANS 255 NOCOMPRESS LOGGING
  STORAGE(INITIAL 65536 NEXT 1048576 MINEXTENTS 1 MAXEXTENTS 2147483645
  PCTINCREASE 0 FREELISTS 1 FREELIST GROUPS 1 BUFFER_POOL DEFAULT FLASH_CACHE DEFAULT CELL_FLASH_CACHE DEFAULT)
  TABLESPACE "SYSTEM" ;
--------------------------------------------------------
--  DDL for Table ZIPTB
--------------------------------------------------------

  CREATE TABLE "PTJ94"."ZIPTB" 
   (	"ZIPCODE" VARCHAR2(7 BYTE), 
	"SIDO" VARCHAR2(6 BYTE), 
	"GUGUN" VARCHAR2(30 BYTE), 
	"DONG" VARCHAR2(40 BYTE), 
	"RI" VARCHAR2(30 BYTE), 
	"BLDG" VARCHAR2(60 BYTE), 
	"BUNJI" VARCHAR2(30 BYTE), 
	"SEQ" NUMBER(5,0)
   ) SEGMENT CREATION IMMEDIATE 
  PCTFREE 10 PCTUSED 40 INITRANS 1 MAXTRANS 255 NOCOMPRESS LOGGING
  STORAGE(INITIAL 65536 NEXT 1048576 MINEXTENTS 1 MAXEXTENTS 2147483645
  PCTINCREASE 0 FREELISTS 1 FREELIST GROUPS 1 BUFFER_POOL DEFAULT FLASH_CACHE DEFAULT CELL_FLASH_CACHE DEFAULT)
  TABLESPACE "SYSTEM" ;
--------------------------------------------------------
--  DDL for View V_CART
--------------------------------------------------------

  CREATE OR REPLACE FORCE VIEW "PTJ94"."V_CART" ("CID", "CNT") AS 
  SELECT CART_PROD AS CID,
               COUNT(*) AS CNT
        FROM CART
        WHERE CART_NO LIKE '200505%'
        GROUP BY CART_PROD
        ORDER BY 1
;
--------------------------------------------------------
--  DDL for View V_MEM
--------------------------------------------------------

  CREATE OR REPLACE FORCE VIEW "PTJ94"."V_MEM" ("MID", "MNAME", "MJOB", "MILE") AS 
  SELECT MEM_ID AS 회원번호,
            MEM_NAME AS 이름,
            MEM_JOB AS 직업,
            MEM_MILEAGE AS 마일리지
    FROM MEMBER
    WHERE MEM_MILEAGE >=2000
    WITH READ ONLY
;
REM INSERTING into PTJ94.BANKINFO
SET DEFINE OFF;
Insert into PTJ94.BANKINFO (BANK_NO,BANK_NAME,BANK_USER_NAME,BANK_DATE) values ('q11-111-111','농협','박태정',to_date('2022/03/18','yyyy/MM/DD'));
Insert into PTJ94.BANKINFO (BANK_NO,BANK_NAME,BANK_USER_NAME,BANK_DATE) values ('111-111-1111','농협','박태정',to_date('2022/03/18','yyyy/MM/DD'));
REM INSERTING into PTJ94.BUYER
SET DEFINE OFF;
Insert into PTJ94.BUYER (BUYER_ID,BUYER_NAME,BUYER_LGU,BUYER_BANK,BUYER_BANKNO,BUYER_BANKNAME,BUYER_ZIP,BUYER_ADD1,BUYER_ADD2,BUYER_COMTEL,BUYER_FAX,BUYER_MAIL,BUYER_CHARGER,BUYER_TELEXT) values ('P10101','삼성컴퓨터','P101','주택은행','123-456-7890','이건상','135-972','서울 강남구 도곡2동현대비젼21','1125호','02-522-7890','02-522-7891','samcom@samsung.co.kr','송동구',null);
Insert into PTJ94.BUYER (BUYER_ID,BUYER_NAME,BUYER_LGU,BUYER_BANK,BUYER_BANKNO,BUYER_BANKNAME,BUYER_ZIP,BUYER_ADD1,BUYER_ADD2,BUYER_COMTEL,BUYER_FAX,BUYER_MAIL,BUYER_CHARGER,BUYER_TELEXT) values ('P10102','삼보컴퓨터','P101','제일은행','732-702-195670','김현우','142-726','서울 강북구 미아6동 행전빌딩','2712호','02-632-5690','02-632-5699','sambo@sambo.co.kr','김서구',null);
Insert into PTJ94.BUYER (BUYER_ID,BUYER_NAME,BUYER_LGU,BUYER_BANK,BUYER_BANKNO,BUYER_BANKNAME,BUYER_ZIP,BUYER_ADD1,BUYER_ADD2,BUYER_COMTEL,BUYER_FAX,BUYER_MAIL,BUYER_CHARGER,BUYER_TELEXT) values ('P10103','현주컴퓨터','P101','국민은행','112-650-397811','심현주','404-260','인천 서구 마전동','157-899번지','032-233-7832','032-233-7833','hyunju@hyunju.com','강남구',null);
Insert into PTJ94.BUYER (BUYER_ID,BUYER_NAME,BUYER_LGU,BUYER_BANK,BUYER_BANKNO,BUYER_BANKNAME,BUYER_ZIP,BUYER_ADD1,BUYER_ADD2,BUYER_COMTEL,BUYER_FAX,BUYER_MAIL,BUYER_CHARGER,BUYER_TELEXT) values ('P10201','대우전자','P102','농협','222-333-567890','강대우','702-864','대구 북구 태전동','232번지','053-780-2356','053-780-2357','daewoo@daewoo.co.kr','성대우',null);
Insert into PTJ94.BUYER (BUYER_ID,BUYER_NAME,BUYER_LGU,BUYER_BANK,BUYER_BANKNO,BUYER_BANKNAME,BUYER_ZIP,BUYER_ADD1,BUYER_ADD2,BUYER_COMTEL,BUYER_FAX,BUYER_MAIL,BUYER_CHARGER,BUYER_TELEXT) values ('P10202','삼성전자','P102','외환은행','989-323-567898','박삼성','614-728','부산 부산진구 부전1동 동아빌딩','1708호','051-567-5312','051-567-5313','samsung@samsung.com','김인우',null);
Insert into PTJ94.BUYER (BUYER_ID,BUYER_NAME,BUYER_LGU,BUYER_BANK,BUYER_BANKNO,BUYER_BANKNAME,BUYER_ZIP,BUYER_ADD1,BUYER_ADD2,BUYER_COMTEL,BUYER_FAX,BUYER_MAIL,BUYER_CHARGER,BUYER_TELEXT) values ('P20101','대현','P201','국민은행','688-323-567898','신대현','306-785','대전 대덕구 오정동 운암빌딩','508호','042-332-5123','042-332-5125','daehyun@daehyun.com','진대영',null);
Insert into PTJ94.BUYER (BUYER_ID,BUYER_NAME,BUYER_LGU,BUYER_BANK,BUYER_BANKNO,BUYER_BANKNAME,BUYER_ZIP,BUYER_ADD1,BUYER_ADD2,BUYER_COMTEL,BUYER_FAX,BUYER_MAIL,BUYER_CHARGER,BUYER_TELEXT) values ('P20102','마르죠','P201','주택은행','123-777-7890','이마루','135-972','서울 강남구 도곡2동 현대비젼21','1211호','02-533-7890','02-533-5699','mar@marjo.co.kr','조현상',null);
Insert into PTJ94.BUYER (BUYER_ID,BUYER_NAME,BUYER_LGU,BUYER_BANK,BUYER_BANKNO,BUYER_BANKNAME,BUYER_ZIP,BUYER_ADD1,BUYER_ADD2,BUYER_COMTEL,BUYER_FAX,BUYER_MAIL,BUYER_CHARGER,BUYER_TELEXT) values ('P20201','LG패션','P202','제일은행','732-702-556677','김애지','142-726','서울 강북구 미아6동 행전빌딩','5011호','02-332-5690','02-332-5699','lgfashion.co.kr','남지수',null);
Insert into PTJ94.BUYER (BUYER_ID,BUYER_NAME,BUYER_LGU,BUYER_BANK,BUYER_BANKNO,BUYER_BANKNAME,BUYER_ZIP,BUYER_ADD1,BUYER_ADD2,BUYER_COMTEL,BUYER_FAX,BUYER_MAIL,BUYER_CHARGER,BUYER_TELEXT) values ('P20202','캠브리지','P202','국민은행','112-888-397811','안불이주','404-260','인천 서구 마전동','535-899번지','032-255-7832','032-255-7833','cambrige@cambrige.com','신일수',null);
Insert into PTJ94.BUYER (BUYER_ID,BUYER_NAME,BUYER_LGU,BUYER_BANK,BUYER_BANKNO,BUYER_BANKNAME,BUYER_ZIP,BUYER_ADD1,BUYER_ADD2,BUYER_COMTEL,BUYER_FAX,BUYER_MAIL,BUYER_CHARGER,BUYER_TELEXT) values ('P30101','가파치','P301','농협','211-333-511890','김선아','702-864','대구 북구 태전동','555-66호','053-535-2356','053-535-2357','gapachi@gapachi.co.kr','이수나',null);
Insert into PTJ94.BUYER (BUYER_ID,BUYER_NAME,BUYER_LGU,BUYER_BANK,BUYER_BANKNO,BUYER_BANKNAME,BUYER_ZIP,BUYER_ADD1,BUYER_ADD2,BUYER_COMTEL,BUYER_FAX,BUYER_MAIL,BUYER_CHARGER,BUYER_TELEXT) values ('P30201','한국화장품','P302','외환은행','333-355-568898','박한국','614-728','부산 부산진구 부전1동 동아빌딩','309호','051-212-5312','051-212-5313','hangook@hangook.com','김사우',null);
Insert into PTJ94.BUYER (BUYER_ID,BUYER_NAME,BUYER_LGU,BUYER_BANK,BUYER_BANKNO,BUYER_BANKNAME,BUYER_ZIP,BUYER_ADD1,BUYER_ADD2,BUYER_COMTEL,BUYER_FAX,BUYER_MAIL,BUYER_CHARGER,BUYER_TELEXT) values ('P30202','피리어스','P302','국민은행','677-888-569998','신상우','306-785','대전대덕구 오정동 운암빌딩','612호','042-222-5123','042-222-5125','pieoris@pieoris.com','이진영',null);
Insert into PTJ94.BUYER (BUYER_ID,BUYER_NAME,BUYER_LGU,BUYER_BANK,BUYER_BANKNO,BUYER_BANKNAME,BUYER_ZIP,BUYER_ADD1,BUYER_ADD2,BUYER_COMTEL,BUYER_FAX,BUYER_MAIL,BUYER_CHARGER,BUYER_TELEXT) values ('P30203','참존','P302','주택은행','555-777-567778','오참존','306-785','대전대덕구 오정동 운암빌딩','1007호','042-622-5123','042-622-5125','chamjon@chamjon.com','성애란',null);
REM INSERTING into PTJ94.BUYPROD
SET DEFINE OFF;
Insert into PTJ94.BUYPROD (BUY_DATE,BUY_PROD,BUY_QTY,BUY_COST) values (to_date('2005/01/08','yyyy/MM/DD'),'P202000001',18,10000);
Insert into PTJ94.BUYPROD (BUY_DATE,BUY_PROD,BUY_QTY,BUY_COST) values (to_date('2005/01/08','yyyy/MM/DD'),'P202000002',19,13000);
Insert into PTJ94.BUYPROD (BUY_DATE,BUY_PROD,BUY_QTY,BUY_COST) values (to_date('2005/01/08','yyyy/MM/DD'),'P202000003',11,15000);
Insert into PTJ94.BUYPROD (BUY_DATE,BUY_PROD,BUY_QTY,BUY_COST) values (to_date('2005/01/12','yyyy/MM/DD'),'P201000001',21,21000);
Insert into PTJ94.BUYPROD (BUY_DATE,BUY_PROD,BUY_QTY,BUY_COST) values (to_date('2005/01/12','yyyy/MM/DD'),'P201000002',13,22000);
Insert into PTJ94.BUYPROD (BUY_DATE,BUY_PROD,BUY_QTY,BUY_COST) values (to_date('2005/01/12','yyyy/MM/DD'),'P201000003',15,23000);
Insert into PTJ94.BUYPROD (BUY_DATE,BUY_PROD,BUY_QTY,BUY_COST) values (to_date('2005/01/13','yyyy/MM/DD'),'P101000001',22,210000);
Insert into PTJ94.BUYPROD (BUY_DATE,BUY_PROD,BUY_QTY,BUY_COST) values (to_date('2005/01/13','yyyy/MM/DD'),'P101000002',23,310000);
Insert into PTJ94.BUYPROD (BUY_DATE,BUY_PROD,BUY_QTY,BUY_COST) values (to_date('2005/01/13','yyyy/MM/DD'),'P101000003',21,410000);
Insert into PTJ94.BUYPROD (BUY_DATE,BUY_PROD,BUY_QTY,BUY_COST) values (to_date('2005/01/14','yyyy/MM/DD'),'P201000004',15,12000);
Insert into PTJ94.BUYPROD (BUY_DATE,BUY_PROD,BUY_QTY,BUY_COST) values (to_date('2005/01/14','yyyy/MM/DD'),'P201000005',32,13000);
Insert into PTJ94.BUYPROD (BUY_DATE,BUY_PROD,BUY_QTY,BUY_COST) values (to_date('2005/01/14','yyyy/MM/DD'),'P201000006',11,14000);
Insert into PTJ94.BUYPROD (BUY_DATE,BUY_PROD,BUY_QTY,BUY_COST) values (to_date('2005/01/16','yyyy/MM/DD'),'P202000007',22,25000);
Insert into PTJ94.BUYPROD (BUY_DATE,BUY_PROD,BUY_QTY,BUY_COST) values (to_date('2005/01/16','yyyy/MM/DD'),'P202000008',33,27000);
Insert into PTJ94.BUYPROD (BUY_DATE,BUY_PROD,BUY_QTY,BUY_COST) values (to_date('2005/01/16','yyyy/MM/DD'),'P202000009',14,28500);
Insert into PTJ94.BUYPROD (BUY_DATE,BUY_PROD,BUY_QTY,BUY_COST) values (to_date('2005/01/16','yyyy/MM/DD'),'P302000011',125,59000);
Insert into PTJ94.BUYPROD (BUY_DATE,BUY_PROD,BUY_QTY,BUY_COST) values (to_date('2005/01/16','yyyy/MM/DD'),'P302000012',16,89000);
Insert into PTJ94.BUYPROD (BUY_DATE,BUY_PROD,BUY_QTY,BUY_COST) values (to_date('2005/01/16','yyyy/MM/DD'),'P302000013',13,17000);
Insert into PTJ94.BUYPROD (BUY_DATE,BUY_PROD,BUY_QTY,BUY_COST) values (to_date('2005/01/17','yyyy/MM/DD'),'P302000014',21,25000);
Insert into PTJ94.BUYPROD (BUY_DATE,BUY_PROD,BUY_QTY,BUY_COST) values (to_date('2005/01/17','yyyy/MM/DD'),'P302000015',33,22000);
Insert into PTJ94.BUYPROD (BUY_DATE,BUY_PROD,BUY_QTY,BUY_COST) values (to_date('2005/01/17','yyyy/MM/DD'),'P302000016',17,120000);
Insert into PTJ94.BUYPROD (BUY_DATE,BUY_PROD,BUY_QTY,BUY_COST) values (to_date('2005/01/18','yyyy/MM/DD'),'P301000001',15,21000);
Insert into PTJ94.BUYPROD (BUY_DATE,BUY_PROD,BUY_QTY,BUY_COST) values (to_date('2005/01/18','yyyy/MM/DD'),'P301000002',19,17000);
Insert into PTJ94.BUYPROD (BUY_DATE,BUY_PROD,BUY_QTY,BUY_COST) values (to_date('2005/01/19','yyyy/MM/DD'),'P202000010',21,55000);
Insert into PTJ94.BUYPROD (BUY_DATE,BUY_PROD,BUY_QTY,BUY_COST) values (to_date('2005/01/19','yyyy/MM/DD'),'P202000011',91,55000);
Insert into PTJ94.BUYPROD (BUY_DATE,BUY_PROD,BUY_QTY,BUY_COST) values (to_date('2005/01/19','yyyy/MM/DD'),'P202000012',15,55000);
Insert into PTJ94.BUYPROD (BUY_DATE,BUY_PROD,BUY_QTY,BUY_COST) values (to_date('2005/01/25','yyyy/MM/DD'),'P102000003',11,590000);
Insert into PTJ94.BUYPROD (BUY_DATE,BUY_PROD,BUY_QTY,BUY_COST) values (to_date('2005/01/25','yyyy/MM/DD'),'P102000004',13,990000);
Insert into PTJ94.BUYPROD (BUY_DATE,BUY_PROD,BUY_QTY,BUY_COST) values (to_date('2005/01/25','yyyy/MM/DD'),'P102000005',22,1990000);
Insert into PTJ94.BUYPROD (BUY_DATE,BUY_PROD,BUY_QTY,BUY_COST) values (to_date('2005/01/26','yyyy/MM/DD'),'P102000007',52,550000);
Insert into PTJ94.BUYPROD (BUY_DATE,BUY_PROD,BUY_QTY,BUY_COST) values (to_date('2005/01/27','yyyy/MM/DD'),'P302000001',253,89000);
Insert into PTJ94.BUYPROD (BUY_DATE,BUY_PROD,BUY_QTY,BUY_COST) values (to_date('2005/01/27','yyyy/MM/DD'),'P302000002',31,99000);
Insert into PTJ94.BUYPROD (BUY_DATE,BUY_PROD,BUY_QTY,BUY_COST) values (to_date('2005/01/27','yyyy/MM/DD'),'P302000003',197,19000);
Insert into PTJ94.BUYPROD (BUY_DATE,BUY_PROD,BUY_QTY,BUY_COST) values (to_date('2005/01/28','yyyy/MM/DD'),'P201000007',19,31000);
Insert into PTJ94.BUYPROD (BUY_DATE,BUY_PROD,BUY_QTY,BUY_COST) values (to_date('2005/01/28','yyyy/MM/DD'),'P201000008',22,32000);
Insert into PTJ94.BUYPROD (BUY_DATE,BUY_PROD,BUY_QTY,BUY_COST) values (to_date('2005/01/28','yyyy/MM/DD'),'P201000009',26,33000);
Insert into PTJ94.BUYPROD (BUY_DATE,BUY_PROD,BUY_QTY,BUY_COST) values (to_date('2005/01/31','yyyy/MM/DD'),'P302000021',23,23500);
Insert into PTJ94.BUYPROD (BUY_DATE,BUY_PROD,BUY_QTY,BUY_COST) values (to_date('2005/01/31','yyyy/MM/DD'),'P302000022',17,78500);
Insert into PTJ94.BUYPROD (BUY_DATE,BUY_PROD,BUY_QTY,BUY_COST) values (to_date('2005/01/31','yyyy/MM/DD'),'P302000023',15,21500);
Insert into PTJ94.BUYPROD (BUY_DATE,BUY_PROD,BUY_QTY,BUY_COST) values (to_date('2005/02/03','yyyy/MM/DD'),'P201000010',23,55000);
Insert into PTJ94.BUYPROD (BUY_DATE,BUY_PROD,BUY_QTY,BUY_COST) values (to_date('2005/02/03','yyyy/MM/DD'),'P201000011',21,56000);
Insert into PTJ94.BUYPROD (BUY_DATE,BUY_PROD,BUY_QTY,BUY_COST) values (to_date('2005/02/03','yyyy/MM/DD'),'P201000012',55,57000);
Insert into PTJ94.BUYPROD (BUY_DATE,BUY_PROD,BUY_QTY,BUY_COST) values (to_date('2005/02/08','yyyy/MM/DD'),'P202000004',12,18000);
Insert into PTJ94.BUYPROD (BUY_DATE,BUY_PROD,BUY_QTY,BUY_COST) values (to_date('2005/02/08','yyyy/MM/DD'),'P202000005',19,23000);
Insert into PTJ94.BUYPROD (BUY_DATE,BUY_PROD,BUY_QTY,BUY_COST) values (to_date('2005/02/08','yyyy/MM/DD'),'P202000006',28,28000);
Insert into PTJ94.BUYPROD (BUY_DATE,BUY_PROD,BUY_QTY,BUY_COST) values (to_date('2005/02/09','yyyy/MM/DD'),'P202000016',22,99000);
Insert into PTJ94.BUYPROD (BUY_DATE,BUY_PROD,BUY_QTY,BUY_COST) values (to_date('2005/02/09','yyyy/MM/DD'),'P202000017',41,109000);
Insert into PTJ94.BUYPROD (BUY_DATE,BUY_PROD,BUY_QTY,BUY_COST) values (to_date('2005/02/09','yyyy/MM/DD'),'P202000018',21,159000);
Insert into PTJ94.BUYPROD (BUY_DATE,BUY_PROD,BUY_QTY,BUY_COST) values (to_date('2005/02/11','yyyy/MM/DD'),'P101000004',11,1150000);
Insert into PTJ94.BUYPROD (BUY_DATE,BUY_PROD,BUY_QTY,BUY_COST) values (to_date('2005/02/11','yyyy/MM/DD'),'P101000005',10,2150000);
Insert into PTJ94.BUYPROD (BUY_DATE,BUY_PROD,BUY_QTY,BUY_COST) values (to_date('2005/02/11','yyyy/MM/DD'),'P101000006',9,3150000);
Insert into PTJ94.BUYPROD (BUY_DATE,BUY_PROD,BUY_QTY,BUY_COST) values (to_date('2005/02/15','yyyy/MM/DD'),'P302000004',33,21000);
Insert into PTJ94.BUYPROD (BUY_DATE,BUY_PROD,BUY_QTY,BUY_COST) values (to_date('2005/02/15','yyyy/MM/DD'),'P302000005',191,18000);
Insert into PTJ94.BUYPROD (BUY_DATE,BUY_PROD,BUY_QTY,BUY_COST) values (to_date('2005/02/15','yyyy/MM/DD'),'P302000006',39,20000);
Insert into PTJ94.BUYPROD (BUY_DATE,BUY_PROD,BUY_QTY,BUY_COST) values (to_date('2005/02/18','yyyy/MM/DD'),'P301000003',46,22000);
Insert into PTJ94.BUYPROD (BUY_DATE,BUY_PROD,BUY_QTY,BUY_COST) values (to_date('2005/02/18','yyyy/MM/DD'),'P301000004',41,27000);
Insert into PTJ94.BUYPROD (BUY_DATE,BUY_PROD,BUY_QTY,BUY_COST) values (to_date('2005/02/20','yyyy/MM/DD'),'P202000013',16,110000);
Insert into PTJ94.BUYPROD (BUY_DATE,BUY_PROD,BUY_QTY,BUY_COST) values (to_date('2005/02/20','yyyy/MM/DD'),'P202000014',18,120000);
Insert into PTJ94.BUYPROD (BUY_DATE,BUY_PROD,BUY_QTY,BUY_COST) values (to_date('2005/02/20','yyyy/MM/DD'),'P202000015',13,130000);
Insert into PTJ94.BUYPROD (BUY_DATE,BUY_PROD,BUY_QTY,BUY_COST) values (to_date('2005/02/21','yyyy/MM/DD'),'P201000013',16,110000);
Insert into PTJ94.BUYPROD (BUY_DATE,BUY_PROD,BUY_QTY,BUY_COST) values (to_date('2005/02/21','yyyy/MM/DD'),'P201000014',28,120000);
Insert into PTJ94.BUYPROD (BUY_DATE,BUY_PROD,BUY_QTY,BUY_COST) values (to_date('2005/02/21','yyyy/MM/DD'),'P201000015',25,130000);
Insert into PTJ94.BUYPROD (BUY_DATE,BUY_PROD,BUY_QTY,BUY_COST) values (to_date('2005/02/23','yyyy/MM/DD'),'P202000019',22,210000);
Insert into PTJ94.BUYPROD (BUY_DATE,BUY_PROD,BUY_QTY,BUY_COST) values (to_date('2005/02/23','yyyy/MM/DD'),'P202000020',19,220000);
Insert into PTJ94.BUYPROD (BUY_DATE,BUY_PROD,BUY_QTY,BUY_COST) values (to_date('2005/02/23','yyyy/MM/DD'),'P202000021',13,230000);
Insert into PTJ94.BUYPROD (BUY_DATE,BUY_PROD,BUY_QTY,BUY_COST) values (to_date('2005/02/25','yyyy/MM/DD'),'P102000001',15,690000);
Insert into PTJ94.BUYPROD (BUY_DATE,BUY_PROD,BUY_QTY,BUY_COST) values (to_date('2005/02/25','yyyy/MM/DD'),'P102000002',12,890000);
Insert into PTJ94.BUYPROD (BUY_DATE,BUY_PROD,BUY_QTY,BUY_COST) values (to_date('2005/02/26','yyyy/MM/DD'),'P102000006',13,660000);
Insert into PTJ94.BUYPROD (BUY_DATE,BUY_PROD,BUY_QTY,BUY_COST) values (to_date('2005/03/02','yyyy/MM/DD'),'P201000016',725,100000);
Insert into PTJ94.BUYPROD (BUY_DATE,BUY_PROD,BUY_QTY,BUY_COST) values (to_date('2005/03/02','yyyy/MM/DD'),'P201000017',341,110000);
Insert into PTJ94.BUYPROD (BUY_DATE,BUY_PROD,BUY_QTY,BUY_COST) values (to_date('2005/03/02','yyyy/MM/DD'),'P201000018',111,120000);
Insert into PTJ94.BUYPROD (BUY_DATE,BUY_PROD,BUY_QTY,BUY_COST) values (to_date('2005/03/03','yyyy/MM/DD'),'P201000019',16,210000);
Insert into PTJ94.BUYPROD (BUY_DATE,BUY_PROD,BUY_QTY,BUY_COST) values (to_date('2005/03/03','yyyy/MM/DD'),'P201000020',39,220000);
Insert into PTJ94.BUYPROD (BUY_DATE,BUY_PROD,BUY_QTY,BUY_COST) values (to_date('2005/03/03','yyyy/MM/DD'),'P201000021',32,230000);
Insert into PTJ94.BUYPROD (BUY_DATE,BUY_PROD,BUY_QTY,BUY_COST) values (to_date('2005/04/16','yyyy/MM/DD'),'P202000001',12,10000);
Insert into PTJ94.BUYPROD (BUY_DATE,BUY_PROD,BUY_QTY,BUY_COST) values (to_date('2005/04/16','yyyy/MM/DD'),'P202000002',13,13000);
Insert into PTJ94.BUYPROD (BUY_DATE,BUY_PROD,BUY_QTY,BUY_COST) values (to_date('2005/04/16','yyyy/MM/DD'),'P202000003',5,15000);
Insert into PTJ94.BUYPROD (BUY_DATE,BUY_PROD,BUY_QTY,BUY_COST) values (to_date('2005/04/20','yyyy/MM/DD'),'P201000001',15,21000);
Insert into PTJ94.BUYPROD (BUY_DATE,BUY_PROD,BUY_QTY,BUY_COST) values (to_date('2005/04/20','yyyy/MM/DD'),'P201000002',7,22000);
Insert into PTJ94.BUYPROD (BUY_DATE,BUY_PROD,BUY_QTY,BUY_COST) values (to_date('2005/04/20','yyyy/MM/DD'),'P201000003',9,23000);
Insert into PTJ94.BUYPROD (BUY_DATE,BUY_PROD,BUY_QTY,BUY_COST) values (to_date('2005/04/21','yyyy/MM/DD'),'P101000001',16,210000);
Insert into PTJ94.BUYPROD (BUY_DATE,BUY_PROD,BUY_QTY,BUY_COST) values (to_date('2005/04/21','yyyy/MM/DD'),'P101000002',17,310000);
Insert into PTJ94.BUYPROD (BUY_DATE,BUY_PROD,BUY_QTY,BUY_COST) values (to_date('2005/04/21','yyyy/MM/DD'),'P101000003',15,410000);
Insert into PTJ94.BUYPROD (BUY_DATE,BUY_PROD,BUY_QTY,BUY_COST) values (to_date('2005/04/22','yyyy/MM/DD'),'P201000004',9,12000);
Insert into PTJ94.BUYPROD (BUY_DATE,BUY_PROD,BUY_QTY,BUY_COST) values (to_date('2005/04/22','yyyy/MM/DD'),'P201000005',26,13000);
Insert into PTJ94.BUYPROD (BUY_DATE,BUY_PROD,BUY_QTY,BUY_COST) values (to_date('2005/04/22','yyyy/MM/DD'),'P201000006',5,14000);
Insert into PTJ94.BUYPROD (BUY_DATE,BUY_PROD,BUY_QTY,BUY_COST) values (to_date('2005/04/24','yyyy/MM/DD'),'P202000007',16,25000);
Insert into PTJ94.BUYPROD (BUY_DATE,BUY_PROD,BUY_QTY,BUY_COST) values (to_date('2005/04/24','yyyy/MM/DD'),'P202000008',27,27000);
Insert into PTJ94.BUYPROD (BUY_DATE,BUY_PROD,BUY_QTY,BUY_COST) values (to_date('2005/04/24','yyyy/MM/DD'),'P202000009',8,28500);
Insert into PTJ94.BUYPROD (BUY_DATE,BUY_PROD,BUY_QTY,BUY_COST) values (to_date('2005/04/24','yyyy/MM/DD'),'P302000011',19,59000);
Insert into PTJ94.BUYPROD (BUY_DATE,BUY_PROD,BUY_QTY,BUY_COST) values (to_date('2005/04/24','yyyy/MM/DD'),'P302000012',10,89000);
Insert into PTJ94.BUYPROD (BUY_DATE,BUY_PROD,BUY_QTY,BUY_COST) values (to_date('2005/04/24','yyyy/MM/DD'),'P302000013',7,17000);
Insert into PTJ94.BUYPROD (BUY_DATE,BUY_PROD,BUY_QTY,BUY_COST) values (to_date('2005/04/25','yyyy/MM/DD'),'P302000014',15,25000);
Insert into PTJ94.BUYPROD (BUY_DATE,BUY_PROD,BUY_QTY,BUY_COST) values (to_date('2005/04/25','yyyy/MM/DD'),'P302000015',27,22000);
Insert into PTJ94.BUYPROD (BUY_DATE,BUY_PROD,BUY_QTY,BUY_COST) values (to_date('2005/04/25','yyyy/MM/DD'),'P302000016',11,120000);
Insert into PTJ94.BUYPROD (BUY_DATE,BUY_PROD,BUY_QTY,BUY_COST) values (to_date('2005/04/26','yyyy/MM/DD'),'P301000001',9,21000);
Insert into PTJ94.BUYPROD (BUY_DATE,BUY_PROD,BUY_QTY,BUY_COST) values (to_date('2005/04/26','yyyy/MM/DD'),'P301000002',13,17000);
Insert into PTJ94.BUYPROD (BUY_DATE,BUY_PROD,BUY_QTY,BUY_COST) values (to_date('2005/04/27','yyyy/MM/DD'),'P202000010',15,55000);
Insert into PTJ94.BUYPROD (BUY_DATE,BUY_PROD,BUY_QTY,BUY_COST) values (to_date('2005/04/27','yyyy/MM/DD'),'P202000011',25,55000);
Insert into PTJ94.BUYPROD (BUY_DATE,BUY_PROD,BUY_QTY,BUY_COST) values (to_date('2005/04/27','yyyy/MM/DD'),'P202000012',9,55000);
Insert into PTJ94.BUYPROD (BUY_DATE,BUY_PROD,BUY_QTY,BUY_COST) values (to_date('2005/05/03','yyyy/MM/DD'),'P102000003',5,590000);
Insert into PTJ94.BUYPROD (BUY_DATE,BUY_PROD,BUY_QTY,BUY_COST) values (to_date('2005/05/03','yyyy/MM/DD'),'P102000004',7,990000);
Insert into PTJ94.BUYPROD (BUY_DATE,BUY_PROD,BUY_QTY,BUY_COST) values (to_date('2005/05/03','yyyy/MM/DD'),'P102000005',16,1990000);
Insert into PTJ94.BUYPROD (BUY_DATE,BUY_PROD,BUY_QTY,BUY_COST) values (to_date('2005/05/04','yyyy/MM/DD'),'P102000007',46,550000);
Insert into PTJ94.BUYPROD (BUY_DATE,BUY_PROD,BUY_QTY,BUY_COST) values (to_date('2005/05/05','yyyy/MM/DD'),'P302000001',17,89000);
Insert into PTJ94.BUYPROD (BUY_DATE,BUY_PROD,BUY_QTY,BUY_COST) values (to_date('2005/05/05','yyyy/MM/DD'),'P302000002',25,99000);
Insert into PTJ94.BUYPROD (BUY_DATE,BUY_PROD,BUY_QTY,BUY_COST) values (to_date('2005/05/05','yyyy/MM/DD'),'P302000003',11,19000);
Insert into PTJ94.BUYPROD (BUY_DATE,BUY_PROD,BUY_QTY,BUY_COST) values (to_date('2005/05/06','yyyy/MM/DD'),'P201000007',13,31000);
Insert into PTJ94.BUYPROD (BUY_DATE,BUY_PROD,BUY_QTY,BUY_COST) values (to_date('2005/05/06','yyyy/MM/DD'),'P201000008',16,32000);
Insert into PTJ94.BUYPROD (BUY_DATE,BUY_PROD,BUY_QTY,BUY_COST) values (to_date('2005/05/06','yyyy/MM/DD'),'P201000009',20,33000);
Insert into PTJ94.BUYPROD (BUY_DATE,BUY_PROD,BUY_QTY,BUY_COST) values (to_date('2005/05/09','yyyy/MM/DD'),'P302000021',17,23500);
Insert into PTJ94.BUYPROD (BUY_DATE,BUY_PROD,BUY_QTY,BUY_COST) values (to_date('2005/05/09','yyyy/MM/DD'),'P302000022',11,78500);
Insert into PTJ94.BUYPROD (BUY_DATE,BUY_PROD,BUY_QTY,BUY_COST) values (to_date('2005/05/09','yyyy/MM/DD'),'P302000023',9,21500);
Insert into PTJ94.BUYPROD (BUY_DATE,BUY_PROD,BUY_QTY,BUY_COST) values (to_date('2005/05/12','yyyy/MM/DD'),'P201000010',17,55000);
Insert into PTJ94.BUYPROD (BUY_DATE,BUY_PROD,BUY_QTY,BUY_COST) values (to_date('2005/05/12','yyyy/MM/DD'),'P201000011',15,56000);
Insert into PTJ94.BUYPROD (BUY_DATE,BUY_PROD,BUY_QTY,BUY_COST) values (to_date('2005/05/12','yyyy/MM/DD'),'P201000012',49,57000);
Insert into PTJ94.BUYPROD (BUY_DATE,BUY_PROD,BUY_QTY,BUY_COST) values (to_date('2005/05/17','yyyy/MM/DD'),'P202000004',6,18000);
Insert into PTJ94.BUYPROD (BUY_DATE,BUY_PROD,BUY_QTY,BUY_COST) values (to_date('2005/05/17','yyyy/MM/DD'),'P202000005',13,23000);
Insert into PTJ94.BUYPROD (BUY_DATE,BUY_PROD,BUY_QTY,BUY_COST) values (to_date('2005/05/17','yyyy/MM/DD'),'P202000006',22,28000);
Insert into PTJ94.BUYPROD (BUY_DATE,BUY_PROD,BUY_QTY,BUY_COST) values (to_date('2005/05/18','yyyy/MM/DD'),'P202000016',16,99000);
Insert into PTJ94.BUYPROD (BUY_DATE,BUY_PROD,BUY_QTY,BUY_COST) values (to_date('2005/05/18','yyyy/MM/DD'),'P202000017',35,109000);
Insert into PTJ94.BUYPROD (BUY_DATE,BUY_PROD,BUY_QTY,BUY_COST) values (to_date('2005/05/18','yyyy/MM/DD'),'P202000018',15,159000);
Insert into PTJ94.BUYPROD (BUY_DATE,BUY_PROD,BUY_QTY,BUY_COST) values (to_date('2005/05/20','yyyy/MM/DD'),'P101000004',5,1150000);
Insert into PTJ94.BUYPROD (BUY_DATE,BUY_PROD,BUY_QTY,BUY_COST) values (to_date('2005/05/20','yyyy/MM/DD'),'P101000005',4,2150000);
Insert into PTJ94.BUYPROD (BUY_DATE,BUY_PROD,BUY_QTY,BUY_COST) values (to_date('2005/05/20','yyyy/MM/DD'),'P101000006',3,3150000);
Insert into PTJ94.BUYPROD (BUY_DATE,BUY_PROD,BUY_QTY,BUY_COST) values (to_date('2005/05/24','yyyy/MM/DD'),'P302000004',27,21000);
Insert into PTJ94.BUYPROD (BUY_DATE,BUY_PROD,BUY_QTY,BUY_COST) values (to_date('2005/05/24','yyyy/MM/DD'),'P302000005',25,18000);
Insert into PTJ94.BUYPROD (BUY_DATE,BUY_PROD,BUY_QTY,BUY_COST) values (to_date('2005/05/24','yyyy/MM/DD'),'P302000006',33,20000);
Insert into PTJ94.BUYPROD (BUY_DATE,BUY_PROD,BUY_QTY,BUY_COST) values (to_date('2005/05/27','yyyy/MM/DD'),'P301000003',40,22000);
Insert into PTJ94.BUYPROD (BUY_DATE,BUY_PROD,BUY_QTY,BUY_COST) values (to_date('2005/05/27','yyyy/MM/DD'),'P301000004',35,27000);
Insert into PTJ94.BUYPROD (BUY_DATE,BUY_PROD,BUY_QTY,BUY_COST) values (to_date('2005/05/29','yyyy/MM/DD'),'P202000013',10,110000);
Insert into PTJ94.BUYPROD (BUY_DATE,BUY_PROD,BUY_QTY,BUY_COST) values (to_date('2005/05/29','yyyy/MM/DD'),'P202000014',12,120000);
Insert into PTJ94.BUYPROD (BUY_DATE,BUY_PROD,BUY_QTY,BUY_COST) values (to_date('2005/05/29','yyyy/MM/DD'),'P202000015',7,130000);
Insert into PTJ94.BUYPROD (BUY_DATE,BUY_PROD,BUY_QTY,BUY_COST) values (to_date('2005/05/30','yyyy/MM/DD'),'P201000013',10,110000);
Insert into PTJ94.BUYPROD (BUY_DATE,BUY_PROD,BUY_QTY,BUY_COST) values (to_date('2005/05/30','yyyy/MM/DD'),'P201000014',22,120000);
Insert into PTJ94.BUYPROD (BUY_DATE,BUY_PROD,BUY_QTY,BUY_COST) values (to_date('2005/05/30','yyyy/MM/DD'),'P201000015',19,130000);
Insert into PTJ94.BUYPROD (BUY_DATE,BUY_PROD,BUY_QTY,BUY_COST) values (to_date('2005/06/01','yyyy/MM/DD'),'P202000019',16,210000);
Insert into PTJ94.BUYPROD (BUY_DATE,BUY_PROD,BUY_QTY,BUY_COST) values (to_date('2005/06/01','yyyy/MM/DD'),'P202000020',13,220000);
Insert into PTJ94.BUYPROD (BUY_DATE,BUY_PROD,BUY_QTY,BUY_COST) values (to_date('2005/06/01','yyyy/MM/DD'),'P202000021',7,230000);
Insert into PTJ94.BUYPROD (BUY_DATE,BUY_PROD,BUY_QTY,BUY_COST) values (to_date('2005/06/03','yyyy/MM/DD'),'P102000001',9,690000);
Insert into PTJ94.BUYPROD (BUY_DATE,BUY_PROD,BUY_QTY,BUY_COST) values (to_date('2005/06/03','yyyy/MM/DD'),'P102000002',6,890000);
Insert into PTJ94.BUYPROD (BUY_DATE,BUY_PROD,BUY_QTY,BUY_COST) values (to_date('2005/06/04','yyyy/MM/DD'),'P102000006',7,660000);
Insert into PTJ94.BUYPROD (BUY_DATE,BUY_PROD,BUY_QTY,BUY_COST) values (to_date('2005/06/09','yyyy/MM/DD'),'P201000016',19,100000);
Insert into PTJ94.BUYPROD (BUY_DATE,BUY_PROD,BUY_QTY,BUY_COST) values (to_date('2005/06/09','yyyy/MM/DD'),'P201000017',35,110000);
Insert into PTJ94.BUYPROD (BUY_DATE,BUY_PROD,BUY_QTY,BUY_COST) values (to_date('2005/06/09','yyyy/MM/DD'),'P201000018',25,120000);
Insert into PTJ94.BUYPROD (BUY_DATE,BUY_PROD,BUY_QTY,BUY_COST) values (to_date('2005/06/10','yyyy/MM/DD'),'P201000019',10,210000);
Insert into PTJ94.BUYPROD (BUY_DATE,BUY_PROD,BUY_QTY,BUY_COST) values (to_date('2005/06/10','yyyy/MM/DD'),'P201000020',33,220000);
Insert into PTJ94.BUYPROD (BUY_DATE,BUY_PROD,BUY_QTY,BUY_COST) values (to_date('2005/06/10','yyyy/MM/DD'),'P201000021',26,230000);
REM INSERTING into PTJ94.CART
SET DEFINE OFF;
Insert into PTJ94.CART (CART_MEMBER,CART_NO,CART_PROD,CART_QTY) values ('a001','2005040100001','P101000001',30);
Insert into PTJ94.CART (CART_MEMBER,CART_NO,CART_PROD,CART_QTY) values ('a001','2005040100001','P201000018',30);
Insert into PTJ94.CART (CART_MEMBER,CART_NO,CART_PROD,CART_QTY) values ('a001','2005040100001','P302000003',30);
Insert into PTJ94.CART (CART_MEMBER,CART_NO,CART_PROD,CART_QTY) values ('t001','2005040100002','P302000004',30);
Insert into PTJ94.CART (CART_MEMBER,CART_NO,CART_PROD,CART_QTY) values ('t001','2005040100002','P101000002',30);
Insert into PTJ94.CART (CART_MEMBER,CART_NO,CART_PROD,CART_QTY) values ('w001','2005040100003','P201000019',30);
Insert into PTJ94.CART (CART_MEMBER,CART_NO,CART_PROD,CART_QTY) values ('w001','2005040100003','P302000005',30);
Insert into PTJ94.CART (CART_MEMBER,CART_NO,CART_PROD,CART_QTY) values ('w001','2005040100003','P201000020',30);
Insert into PTJ94.CART (CART_MEMBER,CART_NO,CART_PROD,CART_QTY) values ('w001','2005040100003','P101000003',30);
Insert into PTJ94.CART (CART_MEMBER,CART_NO,CART_PROD,CART_QTY) values ('r001','2005040500001','P302000006',30);
Insert into PTJ94.CART (CART_MEMBER,CART_NO,CART_PROD,CART_QTY) values ('r001','2005040500001','P101000004',30);
Insert into PTJ94.CART (CART_MEMBER,CART_NO,CART_PROD,CART_QTY) values ('r001','2005040500001','P201000021',30);
Insert into PTJ94.CART (CART_MEMBER,CART_NO,CART_PROD,CART_QTY) values ('q001','2005040500002','P302000011',30);
Insert into PTJ94.CART (CART_MEMBER,CART_NO,CART_PROD,CART_QTY) values ('q001','2005040500002','P202000001',30);
Insert into PTJ94.CART (CART_MEMBER,CART_NO,CART_PROD,CART_QTY) values ('q001','2005040500002','P101000005',30);
Insert into PTJ94.CART (CART_MEMBER,CART_NO,CART_PROD,CART_QTY) values ('p001','2005040600001','P101000006',30);
Insert into PTJ94.CART (CART_MEMBER,CART_NO,CART_PROD,CART_QTY) values ('p001','2005040600001','P202000002',30);
Insert into PTJ94.CART (CART_MEMBER,CART_NO,CART_PROD,CART_QTY) values ('o001','2005040600002','P302000013',30);
Insert into PTJ94.CART (CART_MEMBER,CART_NO,CART_PROD,CART_QTY) values ('o001','2005040600002','P202000003',30);
Insert into PTJ94.CART (CART_MEMBER,CART_NO,CART_PROD,CART_QTY) values ('o001','2005040600002','P102000001',30);
Insert into PTJ94.CART (CART_MEMBER,CART_NO,CART_PROD,CART_QTY) values ('f001','2005040800001','P302000014',30);
Insert into PTJ94.CART (CART_MEMBER,CART_NO,CART_PROD,CART_QTY) values ('f001','2005040800001','P102000002',30);
Insert into PTJ94.CART (CART_MEMBER,CART_NO,CART_PROD,CART_QTY) values ('f001','2005040800001','P202000004',30);
Insert into PTJ94.CART (CART_MEMBER,CART_NO,CART_PROD,CART_QTY) values ('m001','2005040800002','P302000015',30);
Insert into PTJ94.CART (CART_MEMBER,CART_NO,CART_PROD,CART_QTY) values ('m001','2005040800002','P202000005',30);
Insert into PTJ94.CART (CART_MEMBER,CART_NO,CART_PROD,CART_QTY) values ('m001','2005040800002','P102000003',30);
Insert into PTJ94.CART (CART_MEMBER,CART_NO,CART_PROD,CART_QTY) values ('l001','2005041000001','P302000016',30);
Insert into PTJ94.CART (CART_MEMBER,CART_NO,CART_PROD,CART_QTY) values ('l001','2005041000001','P102000004',30);
Insert into PTJ94.CART (CART_MEMBER,CART_NO,CART_PROD,CART_QTY) values ('l001','2005041000001','P202000006',30);
Insert into PTJ94.CART (CART_MEMBER,CART_NO,CART_PROD,CART_QTY) values ('f001','2005041000002','P202000007',30);
Insert into PTJ94.CART (CART_MEMBER,CART_NO,CART_PROD,CART_QTY) values ('f001','2005041000002','P102000005',30);
Insert into PTJ94.CART (CART_MEMBER,CART_NO,CART_PROD,CART_QTY) values ('f001','2005041000002','P302000021',30);
Insert into PTJ94.CART (CART_MEMBER,CART_NO,CART_PROD,CART_QTY) values ('j001','2005041200001','P302000022',30);
Insert into PTJ94.CART (CART_MEMBER,CART_NO,CART_PROD,CART_QTY) values ('j001','2005041200001','P202000008',30);
Insert into PTJ94.CART (CART_MEMBER,CART_NO,CART_PROD,CART_QTY) values ('j001','2005041200001','P102000006',30);
Insert into PTJ94.CART (CART_MEMBER,CART_NO,CART_PROD,CART_QTY) values ('j001','2005041200001','P202000009',30);
Insert into PTJ94.CART (CART_MEMBER,CART_NO,CART_PROD,CART_QTY) values ('m001','2005041200002','P102000007',30);
Insert into PTJ94.CART (CART_MEMBER,CART_NO,CART_PROD,CART_QTY) values ('m001','2005041200002','P302000023',30);
Insert into PTJ94.CART (CART_MEMBER,CART_NO,CART_PROD,CART_QTY) values ('m001','2005041200002','P202000010',30);
Insert into PTJ94.CART (CART_MEMBER,CART_NO,CART_PROD,CART_QTY) values ('f001','2005041500001','P201000001',30);
Insert into PTJ94.CART (CART_MEMBER,CART_NO,CART_PROD,CART_QTY) values ('f001','2005041500001','P302000001',30);
Insert into PTJ94.CART (CART_MEMBER,CART_NO,CART_PROD,CART_QTY) values ('j001','2005041500002','P202000011',30);
Insert into PTJ94.CART (CART_MEMBER,CART_NO,CART_PROD,CART_QTY) values ('j001','2005041500002','P201000002',30);
Insert into PTJ94.CART (CART_MEMBER,CART_NO,CART_PROD,CART_QTY) values ('j001','2005041500002','P302000002',30);
Insert into PTJ94.CART (CART_MEMBER,CART_NO,CART_PROD,CART_QTY) values ('f001','2005041600001','P302000003',30);
Insert into PTJ94.CART (CART_MEMBER,CART_NO,CART_PROD,CART_QTY) values ('f001','2005041600001','P201000003',30);
Insert into PTJ94.CART (CART_MEMBER,CART_NO,CART_PROD,CART_QTY) values ('f001','2005041600001','P202000012',30);
Insert into PTJ94.CART (CART_MEMBER,CART_NO,CART_PROD,CART_QTY) values ('e001','2005041600002','P302000004',30);
Insert into PTJ94.CART (CART_MEMBER,CART_NO,CART_PROD,CART_QTY) values ('e001','2005041600002','P201000004',30);
Insert into PTJ94.CART (CART_MEMBER,CART_NO,CART_PROD,CART_QTY) values ('e001','2005041600002','P202000013',30);
Insert into PTJ94.CART (CART_MEMBER,CART_NO,CART_PROD,CART_QTY) values ('d001','2005041800001','P302000005',30);
Insert into PTJ94.CART (CART_MEMBER,CART_NO,CART_PROD,CART_QTY) values ('d001','2005041800001','P201000005',30);
Insert into PTJ94.CART (CART_MEMBER,CART_NO,CART_PROD,CART_QTY) values ('d001','2005041800001','P202000014',30);
Insert into PTJ94.CART (CART_MEMBER,CART_NO,CART_PROD,CART_QTY) values ('c001','2005041800002','P302000006',30);
Insert into PTJ94.CART (CART_MEMBER,CART_NO,CART_PROD,CART_QTY) values ('c001','2005041800002','P201000006',30);
Insert into PTJ94.CART (CART_MEMBER,CART_NO,CART_PROD,CART_QTY) values ('c001','2005041800002','P202000015',30);
Insert into PTJ94.CART (CART_MEMBER,CART_NO,CART_PROD,CART_QTY) values ('b001','2005042000001','P302000011',30);
Insert into PTJ94.CART (CART_MEMBER,CART_NO,CART_PROD,CART_QTY) values ('b001','2005042000001','P201000007',30);
Insert into PTJ94.CART (CART_MEMBER,CART_NO,CART_PROD,CART_QTY) values ('b001','2005042000001','P202000016',30);
Insert into PTJ94.CART (CART_MEMBER,CART_NO,CART_PROD,CART_QTY) values ('b001','2005042000001','P202000017',30);
Insert into PTJ94.CART (CART_MEMBER,CART_NO,CART_PROD,CART_QTY) values ('b001','2005042000001','P201000008',30);
Insert into PTJ94.CART (CART_MEMBER,CART_NO,CART_PROD,CART_QTY) values ('c001','2005042000002','P202000018',30);
Insert into PTJ94.CART (CART_MEMBER,CART_NO,CART_PROD,CART_QTY) values ('c001','2005042000002','P201000009',30);
Insert into PTJ94.CART (CART_MEMBER,CART_NO,CART_PROD,CART_QTY) values ('c001','2005042000002','P202000019',30);
Insert into PTJ94.CART (CART_MEMBER,CART_NO,CART_PROD,CART_QTY) values ('c001','2005042000002','P201000010',30);
Insert into PTJ94.CART (CART_MEMBER,CART_NO,CART_PROD,CART_QTY) values ('c001','2005042000002','P202000020',30);
Insert into PTJ94.CART (CART_MEMBER,CART_NO,CART_PROD,CART_QTY) values ('x001','2005042400001','P201000011',30);
Insert into PTJ94.CART (CART_MEMBER,CART_NO,CART_PROD,CART_QTY) values ('x001','2005042400001','P202000021',30);
Insert into PTJ94.CART (CART_MEMBER,CART_NO,CART_PROD,CART_QTY) values ('x001','2005042400001','P201000012',30);
Insert into PTJ94.CART (CART_MEMBER,CART_NO,CART_PROD,CART_QTY) values ('e001','2005042400002','P301000001',30);
Insert into PTJ94.CART (CART_MEMBER,CART_NO,CART_PROD,CART_QTY) values ('e001','2005042400002','P201000013',30);
Insert into PTJ94.CART (CART_MEMBER,CART_NO,CART_PROD,CART_QTY) values ('e001','2005042400002','P301000002',30);
Insert into PTJ94.CART (CART_MEMBER,CART_NO,CART_PROD,CART_QTY) values ('e001','2005042400002','P201000014',30);
Insert into PTJ94.CART (CART_MEMBER,CART_NO,CART_PROD,CART_QTY) values ('c001','2005042800001','P301000003',30);
Insert into PTJ94.CART (CART_MEMBER,CART_NO,CART_PROD,CART_QTY) values ('c001','2005042800001','P201000015',30);
Insert into PTJ94.CART (CART_MEMBER,CART_NO,CART_PROD,CART_QTY) values ('b001','2005042800002','P302000001',30);
Insert into PTJ94.CART (CART_MEMBER,CART_NO,CART_PROD,CART_QTY) values ('b001','2005042800002','P201000016',30);
Insert into PTJ94.CART (CART_MEMBER,CART_NO,CART_PROD,CART_QTY) values ('b001','2005042800002','P302000002',30);
Insert into PTJ94.CART (CART_MEMBER,CART_NO,CART_PROD,CART_QTY) values ('b001','2005042800002','P201000017',30);
Insert into PTJ94.CART (CART_MEMBER,CART_NO,CART_PROD,CART_QTY) values ('b001','2005050100001','P201000013',30);
Insert into PTJ94.CART (CART_MEMBER,CART_NO,CART_PROD,CART_QTY) values ('b001','2005050100001','P301000002',30);
Insert into PTJ94.CART (CART_MEMBER,CART_NO,CART_PROD,CART_QTY) values ('c001','2005050100002','P301000003',30);
Insert into PTJ94.CART (CART_MEMBER,CART_NO,CART_PROD,CART_QTY) values ('c001','2005050100002','P201000014',30);
Insert into PTJ94.CART (CART_MEMBER,CART_NO,CART_PROD,CART_QTY) values ('c001','2005050100002','P201000015',30);
Insert into PTJ94.CART (CART_MEMBER,CART_NO,CART_PROD,CART_QTY) values ('d001','2005050300001','P302000001',30);
Insert into PTJ94.CART (CART_MEMBER,CART_NO,CART_PROD,CART_QTY) values ('d001','2005050300001','P302000002',30);
Insert into PTJ94.CART (CART_MEMBER,CART_NO,CART_PROD,CART_QTY) values ('e001','2005050300002','P201000016',30);
Insert into PTJ94.CART (CART_MEMBER,CART_NO,CART_PROD,CART_QTY) values ('e001','2005050300002','P201000017',30);
Insert into PTJ94.CART (CART_MEMBER,CART_NO,CART_PROD,CART_QTY) values ('g001','2005050500001','P302000003',30);
Insert into PTJ94.CART (CART_MEMBER,CART_NO,CART_PROD,CART_QTY) values ('g001','2005050500001','P201000018',30);
Insert into PTJ94.CART (CART_MEMBER,CART_NO,CART_PROD,CART_QTY) values ('g001','2005050500001','P302000004',30);
Insert into PTJ94.CART (CART_MEMBER,CART_NO,CART_PROD,CART_QTY) values ('a001','2005050500002','P201000019',30);
Insert into PTJ94.CART (CART_MEMBER,CART_NO,CART_PROD,CART_QTY) values ('a001','2005050700001','P302000005',30);
Insert into PTJ94.CART (CART_MEMBER,CART_NO,CART_PROD,CART_QTY) values ('a001','2005050700001','P101000001',30);
Insert into PTJ94.CART (CART_MEMBER,CART_NO,CART_PROD,CART_QTY) values ('a001','2005050700001','P101000002',30);
Insert into PTJ94.CART (CART_MEMBER,CART_NO,CART_PROD,CART_QTY) values ('b001','2005050700002','P201000020',30);
Insert into PTJ94.CART (CART_MEMBER,CART_NO,CART_PROD,CART_QTY) values ('b001','2005050700002','P302000006',30);
Insert into PTJ94.CART (CART_MEMBER,CART_NO,CART_PROD,CART_QTY) values ('b001','2005050700002','P302000011',30);
Insert into PTJ94.CART (CART_MEMBER,CART_NO,CART_PROD,CART_QTY) values ('c001','2005051000001','P201000021',30);
Insert into PTJ94.CART (CART_MEMBER,CART_NO,CART_PROD,CART_QTY) values ('c001','2005051000001','P101000003',30);
Insert into PTJ94.CART (CART_MEMBER,CART_NO,CART_PROD,CART_QTY) values ('c001','2005051000001','P101000004',30);
Insert into PTJ94.CART (CART_MEMBER,CART_NO,CART_PROD,CART_QTY) values ('d001','2005051000002','P202000001',30);
Insert into PTJ94.CART (CART_MEMBER,CART_NO,CART_PROD,CART_QTY) values ('d001','2005051000002','P302000012',30);
Insert into PTJ94.CART (CART_MEMBER,CART_NO,CART_PROD,CART_QTY) values ('d001','2005051000002','P302000013',30);
Insert into PTJ94.CART (CART_MEMBER,CART_NO,CART_PROD,CART_QTY) values ('d001','2005051000002','P101000005',30);
Insert into PTJ94.CART (CART_MEMBER,CART_NO,CART_PROD,CART_QTY) values ('d001','2005051000002','P202000002',30);
Insert into PTJ94.CART (CART_MEMBER,CART_NO,CART_PROD,CART_QTY) values ('f001','2005051200001','P101000006',30);
Insert into PTJ94.CART (CART_MEMBER,CART_NO,CART_PROD,CART_QTY) values ('f001','2005051200001','P202000003',30);
Insert into PTJ94.CART (CART_MEMBER,CART_NO,CART_PROD,CART_QTY) values ('f001','2005051200001','P302000014',30);
Insert into PTJ94.CART (CART_MEMBER,CART_NO,CART_PROD,CART_QTY) values ('f001','2005051200001','P302000015',30);
Insert into PTJ94.CART (CART_MEMBER,CART_NO,CART_PROD,CART_QTY) values ('f001','2005051200001','P102000001',30);
Insert into PTJ94.CART (CART_MEMBER,CART_NO,CART_PROD,CART_QTY) values ('g001','2005051300001','P202000004',30);
Insert into PTJ94.CART (CART_MEMBER,CART_NO,CART_PROD,CART_QTY) values ('g001','2005051300001','P102000002',30);
Insert into PTJ94.CART (CART_MEMBER,CART_NO,CART_PROD,CART_QTY) values ('g001','2005051300001','P202000005',30);
Insert into PTJ94.CART (CART_MEMBER,CART_NO,CART_PROD,CART_QTY) values ('g001','2005051300001','P302000016',30);
Insert into PTJ94.CART (CART_MEMBER,CART_NO,CART_PROD,CART_QTY) values ('g001','2005051300001','P302000021',30);
Insert into PTJ94.CART (CART_MEMBER,CART_NO,CART_PROD,CART_QTY) values ('i001','2005051500001','P102000003',30);
Insert into PTJ94.CART (CART_MEMBER,CART_NO,CART_PROD,CART_QTY) values ('i001','2005051500001','P202000006',30);
Insert into PTJ94.CART (CART_MEMBER,CART_NO,CART_PROD,CART_QTY) values ('j001','2005051600001','P102000004',30);
Insert into PTJ94.CART (CART_MEMBER,CART_NO,CART_PROD,CART_QTY) values ('j001','2005051600001','P202000007',30);
Insert into PTJ94.CART (CART_MEMBER,CART_NO,CART_PROD,CART_QTY) values ('j001','2005051600001','P302000022',30);
Insert into PTJ94.CART (CART_MEMBER,CART_NO,CART_PROD,CART_QTY) values ('k001','2005051600002','P302000023',30);
Insert into PTJ94.CART (CART_MEMBER,CART_NO,CART_PROD,CART_QTY) values ('k001','2005051600002','P102000005',30);
Insert into PTJ94.CART (CART_MEMBER,CART_NO,CART_PROD,CART_QTY) values ('k001','2005051600002','P202000008',30);
Insert into PTJ94.CART (CART_MEMBER,CART_NO,CART_PROD,CART_QTY) values ('k001','2005051600002','P102000006',30);
Insert into PTJ94.CART (CART_MEMBER,CART_NO,CART_PROD,CART_QTY) values ('k001','2005051600002','P202000009',30);
Insert into PTJ94.CART (CART_MEMBER,CART_NO,CART_PROD,CART_QTY) values ('l001','2005051800001','P302000001',30);
Insert into PTJ94.CART (CART_MEMBER,CART_NO,CART_PROD,CART_QTY) values ('l001','2005051800001','P302000002',30);
Insert into PTJ94.CART (CART_MEMBER,CART_NO,CART_PROD,CART_QTY) values ('m001','2005051800002','P102000007',30);
Insert into PTJ94.CART (CART_MEMBER,CART_NO,CART_PROD,CART_QTY) values ('m001','2005051800002','P202000010',30);
Insert into PTJ94.CART (CART_MEMBER,CART_NO,CART_PROD,CART_QTY) values ('m001','2005051800002','P201000001',30);
Insert into PTJ94.CART (CART_MEMBER,CART_NO,CART_PROD,CART_QTY) values ('m001','2005051800002','P202000011',30);
Insert into PTJ94.CART (CART_MEMBER,CART_NO,CART_PROD,CART_QTY) values ('m001','2005051800002','P302000003',30);
Insert into PTJ94.CART (CART_MEMBER,CART_NO,CART_PROD,CART_QTY) values ('m001','2005051800002','P302000004',30);
Insert into PTJ94.CART (CART_MEMBER,CART_NO,CART_PROD,CART_QTY) values ('o001','2005052100001','P201000002',30);
Insert into PTJ94.CART (CART_MEMBER,CART_NO,CART_PROD,CART_QTY) values ('o001','2005052100001','P202000012',30);
Insert into PTJ94.CART (CART_MEMBER,CART_NO,CART_PROD,CART_QTY) values ('o001','2005052100001','P201000003',30);
Insert into PTJ94.CART (CART_MEMBER,CART_NO,CART_PROD,CART_QTY) values ('p001','2005052100002','P202000013',30);
Insert into PTJ94.CART (CART_MEMBER,CART_NO,CART_PROD,CART_QTY) values ('p001','2005052100002','P302000005',30);
Insert into PTJ94.CART (CART_MEMBER,CART_NO,CART_PROD,CART_QTY) values ('p001','2005052100002','P302000006',30);
Insert into PTJ94.CART (CART_MEMBER,CART_NO,CART_PROD,CART_QTY) values ('p001','2005052100002','P201000004',30);
Insert into PTJ94.CART (CART_MEMBER,CART_NO,CART_PROD,CART_QTY) values ('p001','2005052100002','P202000014',30);
Insert into PTJ94.CART (CART_MEMBER,CART_NO,CART_PROD,CART_QTY) values ('r001','2005052400001','P201000005',30);
Insert into PTJ94.CART (CART_MEMBER,CART_NO,CART_PROD,CART_QTY) values ('r001','2005052400001','P202000015',30);
Insert into PTJ94.CART (CART_MEMBER,CART_NO,CART_PROD,CART_QTY) values ('r001','2005052400001','P302000011',30);
Insert into PTJ94.CART (CART_MEMBER,CART_NO,CART_PROD,CART_QTY) values ('s001','2005052500001','P302000012',30);
Insert into PTJ94.CART (CART_MEMBER,CART_NO,CART_PROD,CART_QTY) values ('s001','2005052500001','P201000006',30);
Insert into PTJ94.CART (CART_MEMBER,CART_NO,CART_PROD,CART_QTY) values ('s001','2005052500001','P202000016',30);
Insert into PTJ94.CART (CART_MEMBER,CART_NO,CART_PROD,CART_QTY) values ('t001','2005052500002','P201000007',30);
Insert into PTJ94.CART (CART_MEMBER,CART_NO,CART_PROD,CART_QTY) values ('t001','2005052500002','P202000017',30);
Insert into PTJ94.CART (CART_MEMBER,CART_NO,CART_PROD,CART_QTY) values ('t001','2005052500002','P201000008',30);
Insert into PTJ94.CART (CART_MEMBER,CART_NO,CART_PROD,CART_QTY) values ('t001','2005052500002','P202000018',30);
Insert into PTJ94.CART (CART_MEMBER,CART_NO,CART_PROD,CART_QTY) values ('v001','2005052800001','P201000009',30);
Insert into PTJ94.CART (CART_MEMBER,CART_NO,CART_PROD,CART_QTY) values ('v001','2005052800001','P202000019',30);
Insert into PTJ94.CART (CART_MEMBER,CART_NO,CART_PROD,CART_QTY) values ('w001','2005052900001','P201000010',30);
Insert into PTJ94.CART (CART_MEMBER,CART_NO,CART_PROD,CART_QTY) values ('w001','2005052900001','P202000020',30);
Insert into PTJ94.CART (CART_MEMBER,CART_NO,CART_PROD,CART_QTY) values ('w001','2005052900001','P201000011',30);
Insert into PTJ94.CART (CART_MEMBER,CART_NO,CART_PROD,CART_QTY) values ('x001','2005052900002','P202000021',30);
Insert into PTJ94.CART (CART_MEMBER,CART_NO,CART_PROD,CART_QTY) values ('x001','2005052900002','P201000012',30);
Insert into PTJ94.CART (CART_MEMBER,CART_NO,CART_PROD,CART_QTY) values ('x001','2005052900002','P301000001',30);
Insert into PTJ94.CART (CART_MEMBER,CART_NO,CART_PROD,CART_QTY) values ('a001','2005060500001','P302000013',30);
Insert into PTJ94.CART (CART_MEMBER,CART_NO,CART_PROD,CART_QTY) values ('a001','2005060500001','P302000014',30);
Insert into PTJ94.CART (CART_MEMBER,CART_NO,CART_PROD,CART_QTY) values ('a001','2005060500001','P302000015',30);
Insert into PTJ94.CART (CART_MEMBER,CART_NO,CART_PROD,CART_QTY) values ('b001','2005060600001','P302000016',30);
Insert into PTJ94.CART (CART_MEMBER,CART_NO,CART_PROD,CART_QTY) values ('b001','2005060600001','P302000021',30);
Insert into PTJ94.CART (CART_MEMBER,CART_NO,CART_PROD,CART_QTY) values ('b001','2005060600001','P302000022',30);
Insert into PTJ94.CART (CART_MEMBER,CART_NO,CART_PROD,CART_QTY) values ('c001','2005061200001','P302000023',30);
Insert into PTJ94.CART (CART_MEMBER,CART_NO,CART_PROD,CART_QTY) values ('c001','2005061200001','P302000001',30);
Insert into PTJ94.CART (CART_MEMBER,CART_NO,CART_PROD,CART_QTY) values ('d001','2005061300001','P302000002',30);
Insert into PTJ94.CART (CART_MEMBER,CART_NO,CART_PROD,CART_QTY) values ('d001','2005061300001','P302000003',30);
Insert into PTJ94.CART (CART_MEMBER,CART_NO,CART_PROD,CART_QTY) values ('e001','2005061300002','P302000004',30);
Insert into PTJ94.CART (CART_MEMBER,CART_NO,CART_PROD,CART_QTY) values ('e001','2005061300002','P302000005',30);
Insert into PTJ94.CART (CART_MEMBER,CART_NO,CART_PROD,CART_QTY) values ('e001','2005062100001','P302000006',30);
Insert into PTJ94.CART (CART_MEMBER,CART_NO,CART_PROD,CART_QTY) values ('e001','2005062100001','P302000011',30);
Insert into PTJ94.CART (CART_MEMBER,CART_NO,CART_PROD,CART_QTY) values ('f001','2005062100002','P302000012',30);
Insert into PTJ94.CART (CART_MEMBER,CART_NO,CART_PROD,CART_QTY) values ('f001','2005062500001','P302000013',30);
Insert into PTJ94.CART (CART_MEMBER,CART_NO,CART_PROD,CART_QTY) values ('f001','2005062500001','P302000014',30);
Insert into PTJ94.CART (CART_MEMBER,CART_NO,CART_PROD,CART_QTY) values ('f001','2005062500001','P302000015',30);
Insert into PTJ94.CART (CART_MEMBER,CART_NO,CART_PROD,CART_QTY) values ('b001','2005070100001','P201000013',30);
Insert into PTJ94.CART (CART_MEMBER,CART_NO,CART_PROD,CART_QTY) values ('b001','2005070100001','P301000002',30);
Insert into PTJ94.CART (CART_MEMBER,CART_NO,CART_PROD,CART_QTY) values ('c001','2005070100002','P301000003',30);
Insert into PTJ94.CART (CART_MEMBER,CART_NO,CART_PROD,CART_QTY) values ('c001','2005070100002','P201000014',30);
Insert into PTJ94.CART (CART_MEMBER,CART_NO,CART_PROD,CART_QTY) values ('c001','2005070100002','P201000015',30);
Insert into PTJ94.CART (CART_MEMBER,CART_NO,CART_PROD,CART_QTY) values ('d001','2005070300001','P302000001',30);
Insert into PTJ94.CART (CART_MEMBER,CART_NO,CART_PROD,CART_QTY) values ('d001','2005070300001','P302000002',30);
Insert into PTJ94.CART (CART_MEMBER,CART_NO,CART_PROD,CART_QTY) values ('e001','2005070300002','P201000016',30);
Insert into PTJ94.CART (CART_MEMBER,CART_NO,CART_PROD,CART_QTY) values ('e001','2005070300002','P201000017',30);
Insert into PTJ94.CART (CART_MEMBER,CART_NO,CART_PROD,CART_QTY) values ('g001','2005070800001','P101000001',30);
Insert into PTJ94.CART (CART_MEMBER,CART_NO,CART_PROD,CART_QTY) values ('g001','2005070800001','P101000002',30);
Insert into PTJ94.CART (CART_MEMBER,CART_NO,CART_PROD,CART_QTY) values ('r001','2005070800002','P101000003',30);
Insert into PTJ94.CART (CART_MEMBER,CART_NO,CART_PROD,CART_QTY) values ('h001','2005071100001','P101000005',30);
Insert into PTJ94.CART (CART_MEMBER,CART_NO,CART_PROD,CART_QTY) values ('r001','2005071100002','P101000006',30);
Insert into PTJ94.CART (CART_MEMBER,CART_NO,CART_PROD,CART_QTY) values ('i001','2005071900001','P102000001',30);
Insert into PTJ94.CART (CART_MEMBER,CART_NO,CART_PROD,CART_QTY) values ('i001','2005071900001','P102000002',30);
Insert into PTJ94.CART (CART_MEMBER,CART_NO,CART_PROD,CART_QTY) values ('i001','2005071900001','P102000003',30);
Insert into PTJ94.CART (CART_MEMBER,CART_NO,CART_PROD,CART_QTY) values ('u001','2005071900002','P102000004',30);
Insert into PTJ94.CART (CART_MEMBER,CART_NO,CART_PROD,CART_QTY) values ('u001','2005071900002','P102000005',30);
Insert into PTJ94.CART (CART_MEMBER,CART_NO,CART_PROD,CART_QTY) values ('j001','2005072800001','P102000006',30);
Insert into PTJ94.CART (CART_MEMBER,CART_NO,CART_PROD,CART_QTY) values ('j001','2005072800001','P102000003',30);
Insert into PTJ94.CART (CART_MEMBER,CART_NO,CART_PROD,CART_QTY) values ('q001','2005072800002','P102000004',30);
Insert into PTJ94.CART (CART_MEMBER,CART_NO,CART_PROD,CART_QTY) values ('q001','2005072800002','P102000005',30);
Insert into PTJ94.CART (CART_MEMBER,CART_NO,CART_PROD,CART_QTY) values ('c001','2005072800003','P301000003',30);
Insert into PTJ94.CART (CART_MEMBER,CART_NO,CART_PROD,CART_QTY) values ('c001','2005072800003','P201000015',30);
Insert into PTJ94.CART (CART_MEMBER,CART_NO,CART_PROD,CART_QTY) values ('b001','2005072800004','P302000001',30);
Insert into PTJ94.CART (CART_MEMBER,CART_NO,CART_PROD,CART_QTY) values ('b001','2005072800004','P201000016',30);
Insert into PTJ94.CART (CART_MEMBER,CART_NO,CART_PROD,CART_QTY) values ('b001','2005072800004','P302000002',30);
Insert into PTJ94.CART (CART_MEMBER,CART_NO,CART_PROD,CART_QTY) values ('b001','2005072800004','P201000017',30);
Insert into PTJ94.CART (CART_MEMBER,CART_NO,CART_PROD,CART_QTY) values ('a001','2005040100001','P201000019',30);
Insert into PTJ94.CART (CART_MEMBER,CART_NO,CART_PROD,CART_QTY) values ('d001','2005072800005','P201000003',3);
REM INSERTING into PTJ94.CUSTOMER
SET DEFINE OFF;
Insert into PTJ94.CUSTOMER (MEM_ID,MEM_NAME,MEM_MILEAGE) values ('c001','신용환',4000);
Insert into PTJ94.CUSTOMER (MEM_ID,MEM_NAME,MEM_MILEAGE) values ('e001','이혜나',7000);
Insert into PTJ94.CUSTOMER (MEM_ID,MEM_NAME,MEM_MILEAGE) values ('f001','신영남',3200);
Insert into PTJ94.CUSTOMER (MEM_ID,MEM_NAME,MEM_MILEAGE) values ('k001','오철희',4200);
Insert into PTJ94.CUSTOMER (MEM_ID,MEM_NAME,MEM_MILEAGE) values ('l001','구길동',5800);
Insert into PTJ94.CUSTOMER (MEM_ID,MEM_NAME,MEM_MILEAGE) values ('n001','탁원재',3200);
Insert into PTJ94.CUSTOMER (MEM_ID,MEM_NAME,MEM_MILEAGE) values ('o001','배인정',3100);
Insert into PTJ94.CUSTOMER (MEM_ID,MEM_NAME,MEM_MILEAGE) values ('s001','안은정',3700);
Insert into PTJ94.CUSTOMER (MEM_ID,MEM_NAME,MEM_MILEAGE) values ('u001','김성욱',3200);
Insert into PTJ94.CUSTOMER (MEM_ID,MEM_NAME,MEM_MILEAGE) values ('v001','이진영',4800);
Insert into PTJ94.CUSTOMER (MEM_ID,MEM_NAME,MEM_MILEAGE) values ('w001','김형모',3200);
Insert into PTJ94.CUSTOMER (MEM_ID,MEM_NAME,MEM_MILEAGE) values ('x001','진현경',9200);
REM INSERTING into PTJ94.DEPT
SET DEFINE OFF;
REM INSERTING into PTJ94.EMP
SET DEFINE OFF;
REM INSERTING into PTJ94.GOODS
SET DEFINE OFF;
Insert into PTJ94.GOODS (PROD_ID,PROD_NAME,PROD_LGU,PROD_PRICE) values ('P101000001','모니터 삼성전자15인치칼라','P101',290000);
Insert into PTJ94.GOODS (PROD_ID,PROD_NAME,PROD_LGU,PROD_PRICE) values ('P101000002','모니터 삼성전자17인치칼라','P101',390000);
Insert into PTJ94.GOODS (PROD_ID,PROD_NAME,PROD_LGU,PROD_PRICE) values ('P101000003','모니터 삼성전자19인치칼라','P101',490000);
Insert into PTJ94.GOODS (PROD_ID,PROD_NAME,PROD_LGU,PROD_PRICE) values ('P101000004','삼보컴퓨터 P-III 600Mhz','P101',1780000);
Insert into PTJ94.GOODS (PROD_ID,PROD_NAME,PROD_LGU,PROD_PRICE) values ('P101000005','삼보컴퓨터 P-III 700Mhz','P101',2780000);
Insert into PTJ94.GOODS (PROD_ID,PROD_NAME,PROD_LGU,PROD_PRICE) values ('P101000006','삼보컴퓨터 P-III 800Mhz','P101',3780000);
Insert into PTJ94.GOODS (PROD_ID,PROD_NAME,PROD_LGU,PROD_PRICE) values ('P102000001','대우 칼라 TV 25인치','P102',820000);
Insert into PTJ94.GOODS (PROD_ID,PROD_NAME,PROD_LGU,PROD_PRICE) values ('P102000002','대우 칼라 TV 29인치','P102',1020000);
Insert into PTJ94.GOODS (PROD_ID,PROD_NAME,PROD_LGU,PROD_PRICE) values ('P102000003','삼성 칼라 TV 21인치','P102',720000);
Insert into PTJ94.GOODS (PROD_ID,PROD_NAME,PROD_LGU,PROD_PRICE) values ('P102000004','삼성 칼라 TV 29인치','P102',1120000);
Insert into PTJ94.GOODS (PROD_ID,PROD_NAME,PROD_LGU,PROD_PRICE) values ('P102000005','삼성 칼라 TV 53인치','P102',2120000);
Insert into PTJ94.GOODS (PROD_ID,PROD_NAME,PROD_LGU,PROD_PRICE) values ('P102000006','삼성 캠코더','P102',880000);
Insert into PTJ94.GOODS (PROD_ID,PROD_NAME,PROD_LGU,PROD_PRICE) values ('P102000007','대우 VTR 6헤드','P102',760000);
Insert into PTJ94.GOODS (PROD_ID,PROD_NAME,PROD_LGU,PROD_PRICE) values ('P201000001','여성 봄 셔츠 1','P201',42000);
Insert into PTJ94.GOODS (PROD_ID,PROD_NAME,PROD_LGU,PROD_PRICE) values ('P201000002','여성 봄 셔츠 2','P201',43000);
Insert into PTJ94.GOODS (PROD_ID,PROD_NAME,PROD_LGU,PROD_PRICE) values ('P201000003','여성 봄 셔츠 3','P201',44000);
Insert into PTJ94.GOODS (PROD_ID,PROD_NAME,PROD_LGU,PROD_PRICE) values ('P201000004','여성 여름 셔츠 1','P201',21000);
Insert into PTJ94.GOODS (PROD_ID,PROD_NAME,PROD_LGU,PROD_PRICE) values ('P201000005','여성 여름 셔츠 2','P201',22000);
Insert into PTJ94.GOODS (PROD_ID,PROD_NAME,PROD_LGU,PROD_PRICE) values ('P201000006','여성 여름 셔츠 3','P201',23000);
Insert into PTJ94.GOODS (PROD_ID,PROD_NAME,PROD_LGU,PROD_PRICE) values ('P201000007','여성 겨울 라운드 셔츠 1','P201',45000);
Insert into PTJ94.GOODS (PROD_ID,PROD_NAME,PROD_LGU,PROD_PRICE) values ('P201000008','여성 겨울 라운드 셔츠 2','P201',46000);
Insert into PTJ94.GOODS (PROD_ID,PROD_NAME,PROD_LGU,PROD_PRICE) values ('P201000009','여성 겨울 라운드 셔츠 3','P201',47000);
Insert into PTJ94.GOODS (PROD_ID,PROD_NAME,PROD_LGU,PROD_PRICE) values ('P201000010','여성 청바지 1','P201',66000);
Insert into PTJ94.GOODS (PROD_ID,PROD_NAME,PROD_LGU,PROD_PRICE) values ('P201000011','여성 청바지 2','P201',67000);
Insert into PTJ94.GOODS (PROD_ID,PROD_NAME,PROD_LGU,PROD_PRICE) values ('P201000012','여성 청바지 3','P201',68000);
Insert into PTJ94.GOODS (PROD_ID,PROD_NAME,PROD_LGU,PROD_PRICE) values ('P201000013','여성 봄 자켓 1','P201',210000);
Insert into PTJ94.GOODS (PROD_ID,PROD_NAME,PROD_LGU,PROD_PRICE) values ('P201000014','여성 봄 자켓 2','P201',220000);
Insert into PTJ94.GOODS (PROD_ID,PROD_NAME,PROD_LGU,PROD_PRICE) values ('P201000015','여성 봄 자켓 3','P201',230000);
Insert into PTJ94.GOODS (PROD_ID,PROD_NAME,PROD_LGU,PROD_PRICE) values ('P201000016','여성 여름 자켓 1','P201',160000);
Insert into PTJ94.GOODS (PROD_ID,PROD_NAME,PROD_LGU,PROD_PRICE) values ('P201000017','여성 여름 자켓 2','P201',170000);
Insert into PTJ94.GOODS (PROD_ID,PROD_NAME,PROD_LGU,PROD_PRICE) values ('P201000018','여성 여름 자켓 3','P201',180000);
Insert into PTJ94.GOODS (PROD_ID,PROD_NAME,PROD_LGU,PROD_PRICE) values ('P201000019','여성 겨울 자켓 1','P201',270000);
Insert into PTJ94.GOODS (PROD_ID,PROD_NAME,PROD_LGU,PROD_PRICE) values ('P201000020','여성 겨울 자켓 2','P201',280000);
Insert into PTJ94.GOODS (PROD_ID,PROD_NAME,PROD_LGU,PROD_PRICE) values ('P201000021','여성 겨울 자켓 3','P201',290000);
Insert into PTJ94.GOODS (PROD_ID,PROD_NAME,PROD_LGU,PROD_PRICE) values ('P202000001','남성 봄 셔츠 1','P202',19000);
Insert into PTJ94.GOODS (PROD_ID,PROD_NAME,PROD_LGU,PROD_PRICE) values ('P202000002','남성 봄 셔츠 2','P202',22000);
Insert into PTJ94.GOODS (PROD_ID,PROD_NAME,PROD_LGU,PROD_PRICE) values ('P202000003','남성 봄 셔츠 3','P202',24000);
Insert into PTJ94.GOODS (PROD_ID,PROD_NAME,PROD_LGU,PROD_PRICE) values ('P202000004','남성 여름 셔츠 1','P202',28000);
Insert into PTJ94.GOODS (PROD_ID,PROD_NAME,PROD_LGU,PROD_PRICE) values ('P202000005','남성 여름 셔츠 2','P202',33000);
Insert into PTJ94.GOODS (PROD_ID,PROD_NAME,PROD_LGU,PROD_PRICE) values ('P202000006','남성 여름 셔츠 3','P202',38000);
Insert into PTJ94.GOODS (PROD_ID,PROD_NAME,PROD_LGU,PROD_PRICE) values ('P202000007','남성 겨울 라운드 셔츠 1','P202',42000);
Insert into PTJ94.GOODS (PROD_ID,PROD_NAME,PROD_LGU,PROD_PRICE) values ('P202000008','남성 겨울 라운드 셔츠 2','P202',43000);
Insert into PTJ94.GOODS (PROD_ID,PROD_NAME,PROD_LGU,PROD_PRICE) values ('P202000009','남성 겨울 라운드 셔츠 3','P202',44000);
Insert into PTJ94.GOODS (PROD_ID,PROD_NAME,PROD_LGU,PROD_PRICE) values ('P202000010','남성 청바지 1','P202',66000);
Insert into PTJ94.GOODS (PROD_ID,PROD_NAME,PROD_LGU,PROD_PRICE) values ('P202000011','남성 청바지 2','P202',66000);
Insert into PTJ94.GOODS (PROD_ID,PROD_NAME,PROD_LGU,PROD_PRICE) values ('P202000012','남성 청바지 3','P202',66000);
Insert into PTJ94.GOODS (PROD_ID,PROD_NAME,PROD_LGU,PROD_PRICE) values ('P202000013','남성 봄 자켓 1','P202',230000);
Insert into PTJ94.GOODS (PROD_ID,PROD_NAME,PROD_LGU,PROD_PRICE) values ('P202000014','남성 봄 자켓 2','P202',230000);
Insert into PTJ94.GOODS (PROD_ID,PROD_NAME,PROD_LGU,PROD_PRICE) values ('P202000015','남성 봄 자켓 3','P202',230000);
Insert into PTJ94.GOODS (PROD_ID,PROD_NAME,PROD_LGU,PROD_PRICE) values ('P202000016','남성 여름 자켓 1','P202',160000);
Insert into PTJ94.GOODS (PROD_ID,PROD_NAME,PROD_LGU,PROD_PRICE) values ('P202000017','남성 여름 자켓 2','P202',170000);
Insert into PTJ94.GOODS (PROD_ID,PROD_NAME,PROD_LGU,PROD_PRICE) values ('P202000018','남성 여름 자켓 3','P202',190000);
Insert into PTJ94.GOODS (PROD_ID,PROD_NAME,PROD_LGU,PROD_PRICE) values ('P202000019','남성 겨울 자켓 1','P202',370000);
Insert into PTJ94.GOODS (PROD_ID,PROD_NAME,PROD_LGU,PROD_PRICE) values ('P202000020','남성 겨울 자켓 2','P202',370000);
Insert into PTJ94.GOODS (PROD_ID,PROD_NAME,PROD_LGU,PROD_PRICE) values ('P202000021','남성 겨울 자켓 3','P202',370000);
Insert into PTJ94.GOODS (PROD_ID,PROD_NAME,PROD_LGU,PROD_PRICE) values ('P301000001','악어 가죽 혁대','P301',41000);
Insert into PTJ94.GOODS (PROD_ID,PROD_NAME,PROD_LGU,PROD_PRICE) values ('P301000002','물소 가죽 장지갑','P301',37000);
Insert into PTJ94.GOODS (PROD_ID,PROD_NAME,PROD_LGU,PROD_PRICE) values ('P301000003','여성용 손지갑','P301',33000);
Insert into PTJ94.GOODS (PROD_ID,PROD_NAME,PROD_LGU,PROD_PRICE) values ('P301000004','여성용 캐쥬얼 벨트','P301',37000);
Insert into PTJ94.GOODS (PROD_ID,PROD_NAME,PROD_LGU,PROD_PRICE) values ('P302000001','향수 NO 5','P302',110000);
Insert into PTJ94.GOODS (PROD_ID,PROD_NAME,PROD_LGU,PROD_PRICE) values ('P302000002','샤넬 NO 7','P302',120000);
Insert into PTJ94.GOODS (PROD_ID,PROD_NAME,PROD_LGU,PROD_PRICE) values ('P302000003','남성용 스킨','P302',32000);
Insert into PTJ94.GOODS (PROD_ID,PROD_NAME,PROD_LGU,PROD_PRICE) values ('P302000004','남성용 로숀','P302',33000);
Insert into PTJ94.GOODS (PROD_ID,PROD_NAME,PROD_LGU,PROD_PRICE) values ('P302000005','여성용 스킨','P302',31000);
Insert into PTJ94.GOODS (PROD_ID,PROD_NAME,PROD_LGU,PROD_PRICE) values ('P302000006','여성용 로숀','P302',32000);
Insert into PTJ94.GOODS (PROD_ID,PROD_NAME,PROD_LGU,PROD_PRICE) values ('P302000011','남성 향수','P302',70000);
Insert into PTJ94.GOODS (PROD_ID,PROD_NAME,PROD_LGU,PROD_PRICE) values ('P302000012','여성 향수','P302',110000);
Insert into PTJ94.GOODS (PROD_ID,PROD_NAME,PROD_LGU,PROD_PRICE) values ('P302000013','립스틱','P302',27000);
Insert into PTJ94.GOODS (PROD_ID,PROD_NAME,PROD_LGU,PROD_PRICE) values ('P302000014','면도크림','P302',32000);
Insert into PTJ94.GOODS (PROD_ID,PROD_NAME,PROD_LGU,PROD_PRICE) values ('P302000015','화운데이션','P302',32000);
Insert into PTJ94.GOODS (PROD_ID,PROD_NAME,PROD_LGU,PROD_PRICE) values ('P302000016','머드팩','P302',220000);
Insert into PTJ94.GOODS (PROD_ID,PROD_NAME,PROD_LGU,PROD_PRICE) values ('P302000021','참존 기초화장품','P302',37500);
Insert into PTJ94.GOODS (PROD_ID,PROD_NAME,PROD_LGU,PROD_PRICE) values ('P302000022','참존 여성 향수','P302',98500);
Insert into PTJ94.GOODS (PROD_ID,PROD_NAME,PROD_LGU,PROD_PRICE) values ('P302000023','참존 립스틱','P302',26500);
Insert into PTJ94.GOODS (PROD_ID,PROD_NAME,PROD_LGU,PROD_PRICE) values ('P101000007','삼성 노트북 15인치','P101',1200000);
Insert into PTJ94.GOODS (PROD_ID,PROD_NAME,PROD_LGU,PROD_PRICE) values ('P101000008','삼성 노트북 15인치','P101',1200000);
Insert into PTJ94.GOODS (PROD_ID,PROD_NAME,PROD_LGU,PROD_PRICE) values ('P101000009','애플맥북프로13인치레티나','P101',460000);
REM INSERTING into PTJ94.HELLO
SET DEFINE OFF;
REM INSERTING into PTJ94.LPROD
SET DEFINE OFF;
Insert into PTJ94.LPROD (LPROD_ID,LPROD_GU,LPROD_NM) values (1,'P101','컴퓨터제품');
Insert into PTJ94.LPROD (LPROD_ID,LPROD_GU,LPROD_NM) values (2,'P102','전자제품');
Insert into PTJ94.LPROD (LPROD_ID,LPROD_GU,LPROD_NM) values (3,'P201','여성캐주얼');
Insert into PTJ94.LPROD (LPROD_ID,LPROD_GU,LPROD_NM) values (4,'P202','남성캐주얼');
Insert into PTJ94.LPROD (LPROD_ID,LPROD_GU,LPROD_NM) values (5,'P301','피혁잡화');
Insert into PTJ94.LPROD (LPROD_ID,LPROD_GU,LPROD_NM) values (6,'P302','화장품');
Insert into PTJ94.LPROD (LPROD_ID,LPROD_GU,LPROD_NM) values (7,'P401','음반/CD');
Insert into PTJ94.LPROD (LPROD_ID,LPROD_GU,LPROD_NM) values (8,'P402','도서');
Insert into PTJ94.LPROD (LPROD_ID,LPROD_GU,LPROD_NM) values (9,'P403','문구류');
Insert into PTJ94.LPROD (LPROD_ID,LPROD_GU,LPROD_NM) values (11,'P502','수산물');
Insert into PTJ94.LPROD (LPROD_ID,LPROD_GU,LPROD_NM) values (12,'P503','임산물');
Insert into PTJ94.LPROD (LPROD_ID,LPROD_GU,LPROD_NM) values (13,'p209','맥북');
Insert into PTJ94.LPROD (LPROD_ID,LPROD_GU,LPROD_NM) values (14,'p930','맥북프로');
Insert into PTJ94.LPROD (LPROD_ID,LPROD_GU,LPROD_NM) values (15,'p903','축산물');
Insert into PTJ94.LPROD (LPROD_ID,LPROD_GU,LPROD_NM) values (16,'p401','박태정');
REM INSERTING into PTJ94.MEMBER
SET DEFINE OFF;
Insert into PTJ94.MEMBER (MEM_ID,MEM_PASS,MEM_NAME,MEM_REGNO1,MEM_REGNO2,MEM_BIR,MEM_ZIP,MEM_ADD1,MEM_ADD2,MEM_HOMETEL,MEM_COMTEL,MEM_HP,MEM_MAIL,MEM_JOB,MEM_LIKE,MEM_MEMORIAL,MEM_MEMORIALDAY,MEM_MILEAGE,MEM_DELETE) values ('a001','asdfasdf','김은대','760115','1406420',to_date('1976/01/15','yyyy/MM/DD'),'135-972','대전시 동구 용운동','222-2번지','042-621-4615','042-621-4615','011-621-4615','pyoedab@lycos.co.kr','주부','수영','결혼기념일',to_date('1999/01/12','yyyy/MM/DD'),5475,null);
Insert into PTJ94.MEMBER (MEM_ID,MEM_PASS,MEM_NAME,MEM_REGNO1,MEM_REGNO2,MEM_BIR,MEM_ZIP,MEM_ADD1,MEM_ADD2,MEM_HOMETEL,MEM_COMTEL,MEM_HP,MEM_MAIL,MEM_JOB,MEM_LIKE,MEM_MEMORIAL,MEM_MEMORIALDAY,MEM_MILEAGE,MEM_DELETE) values ('b001','1004','이쁜이','031004','4900000',to_date('2003/01/07','yyyy/MM/DD'),'700-030','서울시 천사동 예쁜마을','1004-29','02-888-9999','02-888-9999','016-888-9999','engelcd@pretty.net','회사원','수영','아버님생신',to_date('1999/02/12','yyyy/MM/DD'),9395,null);
Insert into PTJ94.MEMBER (MEM_ID,MEM_PASS,MEM_NAME,MEM_REGNO1,MEM_REGNO2,MEM_BIR,MEM_ZIP,MEM_ADD1,MEM_ADD2,MEM_HOMETEL,MEM_COMTEL,MEM_HP,MEM_MAIL,MEM_JOB,MEM_LIKE,MEM_MEMORIAL,MEM_MEMORIALDAY,MEM_MILEAGE,MEM_DELETE) values ('c001','7777','신용환','740124','1400716',to_date('1974/01/24','yyyy/MM/DD'),'407-817','대전광역시 중구 대흥동','477-9','042-123-5678','042-123-5678','011-123-5678','kyh01e@hanmail.net','교사','독서','아내생일',to_date('1999/03/12','yyyy/MM/DD'),18094,null);
Insert into PTJ94.MEMBER (MEM_ID,MEM_PASS,MEM_NAME,MEM_REGNO1,MEM_REGNO2,MEM_BIR,MEM_ZIP,MEM_ADD1,MEM_ADD2,MEM_HOMETEL,MEM_COMTEL,MEM_HP,MEM_MAIL,MEM_JOB,MEM_LIKE,MEM_MEMORIAL,MEM_MEMORIALDAY,MEM_MILEAGE,MEM_DELETE) values ('d001','123joy','성윤미','460409','2000000',to_date('1946/04/09','yyyy/MM/DD'),'501-705','대전시 중구 하늘동 ','땅 3번지','042-222-8877','042-222-8877','019-222-8877','dbs81f@hanmail.net','공무원','볼링','결혼기념일',to_date('1999/04/12','yyyy/MM/DD'),11491,null);
Insert into PTJ94.MEMBER (MEM_ID,MEM_PASS,MEM_NAME,MEM_REGNO1,MEM_REGNO2,MEM_BIR,MEM_ZIP,MEM_ADD1,MEM_ADD2,MEM_HOMETEL,MEM_COMTEL,MEM_HP,MEM_MAIL,MEM_JOB,MEM_LIKE,MEM_MEMORIAL,MEM_MEMORIALDAY,MEM_MILEAGE,MEM_DELETE) values ('e001','00000000','이혜나','750501','2406017',to_date('1975/05/01','yyyy/MM/DD'),'617-800','대전시 대덕구 읍내동','혜강아파트','042-432-8901','042-432-8901','011-432-8901','bosiang@hanmail.net','농업','당구','아버님생신',to_date('1999/05/12','yyyy/MM/DD'),300,null);
Insert into PTJ94.MEMBER (MEM_ID,MEM_PASS,MEM_NAME,MEM_REGNO1,MEM_REGNO2,MEM_BIR,MEM_ZIP,MEM_ADD1,MEM_ADD2,MEM_HOMETEL,MEM_COMTEL,MEM_HP,MEM_MAIL,MEM_JOB,MEM_LIKE,MEM_MEMORIAL,MEM_MEMORIALDAY,MEM_MILEAGE,MEM_DELETE) values ('f001','12345678','신영남','751228','1459919',to_date('1972/11/04','yyyy/MM/DD'),'140-706','대전광역시 대흥동','65-33 303호','042-253-2121','042-253-2121','011-253-2121','SUPER-KHG@HANMAIL.NET','주부','볼링','아내생일',to_date('1999/06/12','yyyy/MM/DD'),23591,null);
Insert into PTJ94.MEMBER (MEM_ID,MEM_PASS,MEM_NAME,MEM_REGNO1,MEM_REGNO2,MEM_BIR,MEM_ZIP,MEM_ADD1,MEM_ADD2,MEM_HOMETEL,MEM_COMTEL,MEM_HP,MEM_MAIL,MEM_JOB,MEM_LIKE,MEM_MEMORIAL,MEM_MEMORIALDAY,MEM_MILEAGE,MEM_DELETE) values ('g001','1456','송경희','771111','2403414',to_date('1965/01/01','yyyy/MM/DD'),'339-841','충남금산군 제원면','심내리123-1','0412-356-3578','0412-356-3578','017-356-3578','lim052@hanmail.net','주부','스키','결혼기념일',to_date('1999/07/12','yyyy/MM/DD'),6827,null);
Insert into PTJ94.MEMBER (MEM_ID,MEM_PASS,MEM_NAME,MEM_REGNO1,MEM_REGNO2,MEM_BIR,MEM_ZIP,MEM_ADD1,MEM_ADD2,MEM_HOMETEL,MEM_COMTEL,MEM_HP,MEM_MAIL,MEM_JOB,MEM_LIKE,MEM_MEMORIAL,MEM_MEMORIALDAY,MEM_MILEAGE,MEM_DELETE) values ('h001','9999','라준호','740728','1455822',to_date('1967/03/01','yyyy/MM/DD'),'339-841','충남 논산시 양촌면','산직3구 345','042-522-1679','042-522-1679','019-522-1679','wingl7@hanmail.net','회사원','독서','아내생일',to_date('1999/08/12','yyyy/MM/DD'),8450,null);
Insert into PTJ94.MEMBER (MEM_ID,MEM_PASS,MEM_NAME,MEM_REGNO1,MEM_REGNO2,MEM_BIR,MEM_ZIP,MEM_ADD1,MEM_ADD2,MEM_HOMETEL,MEM_COMTEL,MEM_HP,MEM_MAIL,MEM_JOB,MEM_LIKE,MEM_MEMORIAL,MEM_MEMORIALDAY,MEM_MILEAGE,MEM_DELETE) values ('i001','1111','최지현','741220','2384719',to_date('1974/12/20','yyyy/MM/DD'),'306-702','대전시 동구 가양1동','768-12','042-614-6914','042-614-6914','017-614-6914','pan@orgio.net','공무원','등산','남편생일',to_date('1999/09/12','yyyy/MM/DD'),10094,null);
Insert into PTJ94.MEMBER (MEM_ID,MEM_PASS,MEM_NAME,MEM_REGNO1,MEM_REGNO2,MEM_BIR,MEM_ZIP,MEM_ADD1,MEM_ADD2,MEM_HOMETEL,MEM_COMTEL,MEM_HP,MEM_MAIL,MEM_JOB,MEM_LIKE,MEM_MEMORIAL,MEM_MEMORIALDAY,MEM_MILEAGE,MEM_DELETE) values ('j001','6262','김윤희','001019','4448920',to_date('2000/11/21','yyyy/MM/DD'),'306-702','대전시 서구 삼천동','한신아파트305동309호','042-332-8976','042-332-8976','018-332-8976','maxsys@hanmail.net','농업','개그','결혼기념일',to_date('1999/10/12','yyyy/MM/DD'),11937,null);
Insert into PTJ94.MEMBER (MEM_ID,MEM_PASS,MEM_NAME,MEM_REGNO1,MEM_REGNO2,MEM_BIR,MEM_ZIP,MEM_ADD1,MEM_ADD2,MEM_HOMETEL,MEM_COMTEL,MEM_HP,MEM_MAIL,MEM_JOB,MEM_LIKE,MEM_MEMORIAL,MEM_MEMORIALDAY,MEM_MILEAGE,MEM_DELETE) values ('k001','7227','오철희','620123','1449311',to_date('1962/01/23','yyyy/MM/DD'),'306-702','대전시 대덕구 대화동','34-567','042-157-8765','042-157-8765','016-157-8765','equus@orgio.net','자영업','서예','아내생일',to_date('1999/11/12','yyyy/MM/DD'),11297,null);
Insert into PTJ94.MEMBER (MEM_ID,MEM_PASS,MEM_NAME,MEM_REGNO1,MEM_REGNO2,MEM_BIR,MEM_ZIP,MEM_ADD1,MEM_ADD2,MEM_HOMETEL,MEM_COMTEL,MEM_HP,MEM_MAIL,MEM_JOB,MEM_LIKE,MEM_MEMORIAL,MEM_MEMORIALDAY,MEM_MILEAGE,MEM_DELETE) values ('l001','12345678','구길동','881214','1234566',to_date('1988/12/14','yyyy/MM/DD'),'339-841','충남금산군 금산읍',' 하리35-322','0412-322-8865','0412-322-8865','016-322-8865','email815@hanmail.co.kr','자영업','바둑','결혼기념일',to_date('1999/12/12','yyyy/MM/DD'),250,null);
Insert into PTJ94.MEMBER (MEM_ID,MEM_PASS,MEM_NAME,MEM_REGNO1,MEM_REGNO2,MEM_BIR,MEM_ZIP,MEM_ADD1,MEM_ADD2,MEM_HOMETEL,MEM_COMTEL,MEM_HP,MEM_MAIL,MEM_JOB,MEM_LIKE,MEM_MEMORIAL,MEM_MEMORIALDAY,MEM_MILEAGE,MEM_DELETE) values ('m001','pass','박지은','750315','2555555',to_date('1975/03/15','yyyy/MM/DD'),'306-702','대전광역시 서구 갈마동','인성아파트 234동 907호','042-252-0675','042-252-0675','016-252-0675','happy@hanmail.net','은행원','등산','아버님생신',to_date('1999/12/12','yyyy/MM/DD'),7349,null);
Insert into PTJ94.MEMBER (MEM_ID,MEM_PASS,MEM_NAME,MEM_REGNO1,MEM_REGNO2,MEM_BIR,MEM_ZIP,MEM_ADD1,MEM_ADD2,MEM_HOMETEL,MEM_COMTEL,MEM_HP,MEM_MAIL,MEM_JOB,MEM_LIKE,MEM_MEMORIAL,MEM_MEMORIALDAY,MEM_MILEAGE,MEM_DELETE) values ('n001','1111','탁원재','750323','1011014',to_date('1975/03/23','yyyy/MM/DD'),'306-702','대전시 동구 자양동','32-23','042-632-2176','042-632-2176','019-632-2176','ping75@unitel.co.kr','축산업','낚시','결혼기념일',to_date('1999/02/12','yyyy/MM/DD'),2700,null);
Insert into PTJ94.MEMBER (MEM_ID,MEM_PASS,MEM_NAME,MEM_REGNO1,MEM_REGNO2,MEM_BIR,MEM_ZIP,MEM_ADD1,MEM_ADD2,MEM_HOMETEL,MEM_COMTEL,MEM_HP,MEM_MAIL,MEM_JOB,MEM_LIKE,MEM_MEMORIAL,MEM_MEMORIALDAY,MEM_MILEAGE,MEM_DELETE) values ('o001','0909','배인정','780930','2447619',to_date('1978/09/30','yyyy/MM/DD'),'306-702','대전시 서구 갈마동','경성아파트502동1101호','042-622-5971','042-622-5971','011-622-5971','tar-song@hanmail.net','회사원','등산','어머님생신',to_date('1999/03/12','yyyy/MM/DD'),5060,null);
Insert into PTJ94.MEMBER (MEM_ID,MEM_PASS,MEM_NAME,MEM_REGNO1,MEM_REGNO2,MEM_BIR,MEM_ZIP,MEM_ADD1,MEM_ADD2,MEM_HOMETEL,MEM_COMTEL,MEM_HP,MEM_MAIL,MEM_JOB,MEM_LIKE,MEM_MEMORIAL,MEM_MEMORIALDAY,MEM_MILEAGE,MEM_DELETE) values ('p001','sahra3','오성순','730805','2458323',to_date('1973/08/05','yyyy/MM/DD'),'306-702','대전유성구송강동','한솔아파트 703동 407호','042-810-7658','042-810-7658','017-810-7658','sahra235@intz.com','공무원','독서','남편생일',to_date('1999/05/12','yyyy/MM/DD'),14137,null);
Insert into PTJ94.MEMBER (MEM_ID,MEM_PASS,MEM_NAME,MEM_REGNO1,MEM_REGNO2,MEM_BIR,MEM_ZIP,MEM_ADD1,MEM_ADD2,MEM_HOMETEL,MEM_COMTEL,MEM_HP,MEM_MAIL,MEM_JOB,MEM_LIKE,MEM_MEMORIAL,MEM_MEMORIALDAY,MEM_MILEAGE,MEM_DELETE) values ('q001','0000','육평회','951020','1402722',to_date('1995/10/20','yyyy/MM/DD'),'306-702','대구광역시 대덕구 중리동','678-43','042-823-2359','042-823-2359','017-823-2359','kph@hanmail.net','자영업','만화','결혼기념일',to_date('1999/06/12','yyyy/MM/DD'),17109,null);
Insert into PTJ94.MEMBER (MEM_ID,MEM_PASS,MEM_NAME,MEM_REGNO1,MEM_REGNO2,MEM_BIR,MEM_ZIP,MEM_ADD1,MEM_ADD2,MEM_HOMETEL,MEM_COMTEL,MEM_HP,MEM_MAIL,MEM_JOB,MEM_LIKE,MEM_MEMORIAL,MEM_MEMORIALDAY,MEM_MILEAGE,MEM_DELETE) values ('r001','park1005','정은실','770120','2382532',to_date('1976/11/26','yyyy/MM/DD'),'306-702','대전시 동구 용전동','321-25','042-533-8768','042-533-8768','016-533-8768','econie@hanmail.net','학생','장기','어머님생신',to_date('1999/07/12','yyyy/MM/DD'),17837,null);
Insert into PTJ94.MEMBER (MEM_ID,MEM_PASS,MEM_NAME,MEM_REGNO1,MEM_REGNO2,MEM_BIR,MEM_ZIP,MEM_ADD1,MEM_ADD2,MEM_HOMETEL,MEM_COMTEL,MEM_HP,MEM_MAIL,MEM_JOB,MEM_LIKE,MEM_MEMORIAL,MEM_MEMORIALDAY,MEM_MILEAGE,MEM_DELETE) values ('s001','0819','안은정','770819','2459927',to_date('1977/10/01','yyyy/MM/DD'),'306-702','대구광역시 서구 탄방동','산호아파트 107동 802호','042-222-8155','042-222-8155','019-222-8155','songej@hanmail.net','공무원','바둑','결혼기념일',to_date('1999/07/12','yyyy/MM/DD'),630,null);
Insert into PTJ94.MEMBER (MEM_ID,MEM_PASS,MEM_NAME,MEM_REGNO1,MEM_REGNO2,MEM_BIR,MEM_ZIP,MEM_ADD1,MEM_ADD2,MEM_HOMETEL,MEM_COMTEL,MEM_HP,MEM_MAIL,MEM_JOB,MEM_LIKE,MEM_MEMORIAL,MEM_MEMORIALDAY,MEM_MILEAGE,MEM_DELETE) values ('t001','0506','성원태','010506','3454731',to_date('2001/05/06','yyyy/MM/DD'),'306-702','대전광역시 중구 유천동','한사랑아파트 302동 504호','042-272-8657','042-272-8657','011-272-8657','bob6@hanmail.net','학생','카레이싱','결혼기념일',to_date('1999/08/12','yyyy/MM/DD'),4632,null);
Insert into PTJ94.MEMBER (MEM_ID,MEM_PASS,MEM_NAME,MEM_REGNO1,MEM_REGNO2,MEM_BIR,MEM_ZIP,MEM_ADD1,MEM_ADD2,MEM_HOMETEL,MEM_COMTEL,MEM_HP,MEM_MAIL,MEM_JOB,MEM_LIKE,MEM_MEMORIAL,MEM_MEMORIALDAY,MEM_MILEAGE,MEM_DELETE) values ('u001','1000','김성욱','731010','1460111',to_date('1973/10/10','yyyy/MM/DD'),'306-702','대전시 동구 용전동','76-54','042-273-9056','042-273-9056','018-273-9056','pss576@orgio.net','주부','영화감상','결혼기념일',to_date('1999/07/12','yyyy/MM/DD'),10912,null);
Insert into PTJ94.MEMBER (MEM_ID,MEM_PASS,MEM_NAME,MEM_REGNO1,MEM_REGNO2,MEM_BIR,MEM_ZIP,MEM_ADD1,MEM_ADD2,MEM_HOMETEL,MEM_COMTEL,MEM_HP,MEM_MAIL,MEM_JOB,MEM_LIKE,MEM_MEMORIAL,MEM_MEMORIALDAY,MEM_MILEAGE,MEM_DELETE) values ('v001','00001111','이진영','520131','2402712',to_date('1952/01/31','yyyy/MM/DD'),'306-702','대전시 동구 용전동','566-39번지','042-240-8766','042-240-8766','017-240-8766','gagsong@orgio.net','자영업','낚시','남편생일',to_date('1999/09/12','yyyy/MM/DD'),5508,null);
Insert into PTJ94.MEMBER (MEM_ID,MEM_PASS,MEM_NAME,MEM_REGNO1,MEM_REGNO2,MEM_BIR,MEM_ZIP,MEM_ADD1,MEM_ADD2,MEM_HOMETEL,MEM_COMTEL,MEM_HP,MEM_MAIL,MEM_JOB,MEM_LIKE,MEM_MEMORIAL,MEM_MEMORIALDAY,MEM_MILEAGE,MEM_DELETE) values ('w001','12341234','김형모','631213','1111111',to_date('1963/12/13','yyyy/MM/DD'),'306-702','대전시 대덕구 연축동','23-43','02-345-9877','02-345-9877','011-345-9877','songone@hanmail.net','학생','등산','결혼기념일',to_date('1999/11/12','yyyy/MM/DD'),6256,null);
Insert into PTJ94.MEMBER (MEM_ID,MEM_PASS,MEM_NAME,MEM_REGNO1,MEM_REGNO2,MEM_BIR,MEM_ZIP,MEM_ADD1,MEM_ADD2,MEM_HOMETEL,MEM_COMTEL,MEM_HP,MEM_MAIL,MEM_JOB,MEM_LIKE,MEM_MEMORIAL,MEM_MEMORIALDAY,MEM_MILEAGE,MEM_DELETE) values ('x001','0000','진현경','770319','2110222',to_date('1977/03/19','yyyy/MM/DD'),'306-702','대전광역시 동구 오정동','43-26','042-223-8767','042-223-8767','019-223-8767','happysong@hanmail.net','주부','독서','결혼기념일',to_date('1999/02/12','yyyy/MM/DD'),11135,null);
REM INSERTING into PTJ94.MYMEMBER
SET DEFINE OFF;
Insert into PTJ94.MYMEMBER (MEM_ID,MEM_NAME,MEM_PASS,MEM_TEL,MEM_ADDR) values ('ptj94','박태정','mika','0140214654','sdfasf');
REM INSERTING into PTJ94.PROD
SET DEFINE OFF;
Insert into PTJ94.PROD (PROD_ID,PROD_NAME,PROD_LGU,PROD_BUYER,PROD_COST,PROD_PRICE,PROD_SALE,PROD_OUTLINE,PROD_IMG,PROD_TOTALSTOCK,PROD_INSDATE,PROD_PROPERSTOCK,PROD_SIZE,PROD_COLOR,PROD_DELIVERY,PROD_UNIT,PROD_QTYIN,PROD_QTYSALE,PROD_MILEAGE) values ('P101000001','모니터 삼성전자15인치칼라','P101','P10101',210000,290000,230000,'평면모니터의 기적','P101000001.gif',0,to_date('2005/01/10','yyyy/MM/DD'),33,'15인치',null,'파손 주의','EA',0,0,29);
Insert into PTJ94.PROD (PROD_ID,PROD_NAME,PROD_LGU,PROD_BUYER,PROD_COST,PROD_PRICE,PROD_SALE,PROD_OUTLINE,PROD_IMG,PROD_TOTALSTOCK,PROD_INSDATE,PROD_PROPERSTOCK,PROD_SIZE,PROD_COLOR,PROD_DELIVERY,PROD_UNIT,PROD_QTYIN,PROD_QTYSALE,PROD_MILEAGE) values ('P101000002','모니터 삼성전자17인치칼라','P101','P10101',310000,390000,330000,'평면모니터의 기적','P101000002.gif',0,to_date('2005/01/10','yyyy/MM/DD'),23,'17인치',null,'파손 주의','EA',0,0,39);
Insert into PTJ94.PROD (PROD_ID,PROD_NAME,PROD_LGU,PROD_BUYER,PROD_COST,PROD_PRICE,PROD_SALE,PROD_OUTLINE,PROD_IMG,PROD_TOTALSTOCK,PROD_INSDATE,PROD_PROPERSTOCK,PROD_SIZE,PROD_COLOR,PROD_DELIVERY,PROD_UNIT,PROD_QTYIN,PROD_QTYSALE,PROD_MILEAGE) values ('P101000003','모니터 삼성전자19인치칼라','P101','P10101',410000,490000,430000,'평면모니터의 기적','P101000003.gif',0,to_date('2005/01/10','yyyy/MM/DD'),15,'19인치',null,'파손 주의','EA',0,0,49);
Insert into PTJ94.PROD (PROD_ID,PROD_NAME,PROD_LGU,PROD_BUYER,PROD_COST,PROD_PRICE,PROD_SALE,PROD_OUTLINE,PROD_IMG,PROD_TOTALSTOCK,PROD_INSDATE,PROD_PROPERSTOCK,PROD_SIZE,PROD_COLOR,PROD_DELIVERY,PROD_UNIT,PROD_QTYIN,PROD_QTYSALE,PROD_MILEAGE) values ('P101000004','삼보컴퓨터 P-III 600Mhz','P101','P10102',1150000,1780000,1330000,'쉬운 인터넷을.....','P101000004.gif',0,to_date('2005/02/08','yyyy/MM/DD'),22,null,null,'파손 주의','EA',0,0,178);
Insert into PTJ94.PROD (PROD_ID,PROD_NAME,PROD_LGU,PROD_BUYER,PROD_COST,PROD_PRICE,PROD_SALE,PROD_OUTLINE,PROD_IMG,PROD_TOTALSTOCK,PROD_INSDATE,PROD_PROPERSTOCK,PROD_SIZE,PROD_COLOR,PROD_DELIVERY,PROD_UNIT,PROD_QTYIN,PROD_QTYSALE,PROD_MILEAGE) values ('P101000005','삼보컴퓨터 P-III 700Mhz','P101','P10102',2150000,2780000,2330000,'쉬운 인터넷을.....','P101000005.gif',0,to_date('2005/02/08','yyyy/MM/DD'),31,null,null,'파손 주의','EA',0,0,278);
Insert into PTJ94.PROD (PROD_ID,PROD_NAME,PROD_LGU,PROD_BUYER,PROD_COST,PROD_PRICE,PROD_SALE,PROD_OUTLINE,PROD_IMG,PROD_TOTALSTOCK,PROD_INSDATE,PROD_PROPERSTOCK,PROD_SIZE,PROD_COLOR,PROD_DELIVERY,PROD_UNIT,PROD_QTYIN,PROD_QTYSALE,PROD_MILEAGE) values ('P101000006','삼보컴퓨터 P-III 800Mhz','P101','P10102',3150000,3780000,3330000,'쉬운 인터넷을.....','P101000006.gif',0,to_date('2005/02/08','yyyy/MM/DD'),17,null,null,'파손 주의','EA',0,0,378);
Insert into PTJ94.PROD (PROD_ID,PROD_NAME,PROD_LGU,PROD_BUYER,PROD_COST,PROD_PRICE,PROD_SALE,PROD_OUTLINE,PROD_IMG,PROD_TOTALSTOCK,PROD_INSDATE,PROD_PROPERSTOCK,PROD_SIZE,PROD_COLOR,PROD_DELIVERY,PROD_UNIT,PROD_QTYIN,PROD_QTYSALE,PROD_MILEAGE) values ('P102000001','대우 칼라 TV 25인치','P102','P10201',690000,820000,720000,'집안에 영화관을.....','P102000001.gif',0,to_date('2005/02/22','yyyy/MM/DD'),53,'25인치','흑색','파손 주의','EA',0,0,82);
Insert into PTJ94.PROD (PROD_ID,PROD_NAME,PROD_LGU,PROD_BUYER,PROD_COST,PROD_PRICE,PROD_SALE,PROD_OUTLINE,PROD_IMG,PROD_TOTALSTOCK,PROD_INSDATE,PROD_PROPERSTOCK,PROD_SIZE,PROD_COLOR,PROD_DELIVERY,PROD_UNIT,PROD_QTYIN,PROD_QTYSALE,PROD_MILEAGE) values ('P102000002','대우 칼라 TV 29인치','P102','P10201',890000,1020000,920000,'집안에 영화관을.....','P102000002.gif',0,to_date('2005/02/22','yyyy/MM/DD'),21,'29인치','흑색','파손 주의','EA',0,0,102);
Insert into PTJ94.PROD (PROD_ID,PROD_NAME,PROD_LGU,PROD_BUYER,PROD_COST,PROD_PRICE,PROD_SALE,PROD_OUTLINE,PROD_IMG,PROD_TOTALSTOCK,PROD_INSDATE,PROD_PROPERSTOCK,PROD_SIZE,PROD_COLOR,PROD_DELIVERY,PROD_UNIT,PROD_QTYIN,PROD_QTYSALE,PROD_MILEAGE) values ('P102000003','삼성 칼라 TV 21인치','P102','P10202',590000,720000,620000,'집안에 영화관을.....','P102000003.gif',0,to_date('2005/01/22','yyyy/MM/DD'),11,'21인치','은색','파손 주의','EA',0,0,72);
Insert into PTJ94.PROD (PROD_ID,PROD_NAME,PROD_LGU,PROD_BUYER,PROD_COST,PROD_PRICE,PROD_SALE,PROD_OUTLINE,PROD_IMG,PROD_TOTALSTOCK,PROD_INSDATE,PROD_PROPERSTOCK,PROD_SIZE,PROD_COLOR,PROD_DELIVERY,PROD_UNIT,PROD_QTYIN,PROD_QTYSALE,PROD_MILEAGE) values ('P102000004','삼성 칼라 TV 29인치','P102','P10202',990000,1120000,1020000,'집안에 영화관을.....','P102000004.gif',0,to_date('2005/01/22','yyyy/MM/DD'),19,'29인치','은색','파손 주의','EA',0,0,112);
Insert into PTJ94.PROD (PROD_ID,PROD_NAME,PROD_LGU,PROD_BUYER,PROD_COST,PROD_PRICE,PROD_SALE,PROD_OUTLINE,PROD_IMG,PROD_TOTALSTOCK,PROD_INSDATE,PROD_PROPERSTOCK,PROD_SIZE,PROD_COLOR,PROD_DELIVERY,PROD_UNIT,PROD_QTYIN,PROD_QTYSALE,PROD_MILEAGE) values ('P102000005','삼성 칼라 TV 53인치','P102','P10202',1990000,2120000,2020000,'집안에 영화관을.....','P102000005.gif',0,to_date('2005/01/22','yyyy/MM/DD'),8,'53인치','은색','파손 주의','EA',0,0,212);
Insert into PTJ94.PROD (PROD_ID,PROD_NAME,PROD_LGU,PROD_BUYER,PROD_COST,PROD_PRICE,PROD_SALE,PROD_OUTLINE,PROD_IMG,PROD_TOTALSTOCK,PROD_INSDATE,PROD_PROPERSTOCK,PROD_SIZE,PROD_COLOR,PROD_DELIVERY,PROD_UNIT,PROD_QTYIN,PROD_QTYSALE,PROD_MILEAGE) values ('P102000006','삼성 캠코더','P102','P10202',660000,880000,770000,'가족과 영화촬영을.....','P102000006.gif',0,to_date('2005/02/23','yyyy/MM/DD'),17,null,null,'파손 주의','EA',0,0,88);
Insert into PTJ94.PROD (PROD_ID,PROD_NAME,PROD_LGU,PROD_BUYER,PROD_COST,PROD_PRICE,PROD_SALE,PROD_OUTLINE,PROD_IMG,PROD_TOTALSTOCK,PROD_INSDATE,PROD_PROPERSTOCK,PROD_SIZE,PROD_COLOR,PROD_DELIVERY,PROD_UNIT,PROD_QTYIN,PROD_QTYSALE,PROD_MILEAGE) values ('P102000007','대우 VTR 6헤드','P102','P10201',550000,760000,610000,'선명한 화질','P102000007.gif',0,to_date('2005/01/23','yyyy/MM/DD'),36,null,null,'파손 주의','EA',0,0,76);
Insert into PTJ94.PROD (PROD_ID,PROD_NAME,PROD_LGU,PROD_BUYER,PROD_COST,PROD_PRICE,PROD_SALE,PROD_OUTLINE,PROD_IMG,PROD_TOTALSTOCK,PROD_INSDATE,PROD_PROPERSTOCK,PROD_SIZE,PROD_COLOR,PROD_DELIVERY,PROD_UNIT,PROD_QTYIN,PROD_QTYSALE,PROD_MILEAGE) values ('P201000001','여성 봄 셔츠 1','P201','P20101',21000,42000,27000,'파릇한 봄을 위한','P201000001.gif',0,to_date('2005/01/09','yyyy/MM/DD'),9,'s','청색','세탁 주의','EA',0,0,4);
Insert into PTJ94.PROD (PROD_ID,PROD_NAME,PROD_LGU,PROD_BUYER,PROD_COST,PROD_PRICE,PROD_SALE,PROD_OUTLINE,PROD_IMG,PROD_TOTALSTOCK,PROD_INSDATE,PROD_PROPERSTOCK,PROD_SIZE,PROD_COLOR,PROD_DELIVERY,PROD_UNIT,PROD_QTYIN,PROD_QTYSALE,PROD_MILEAGE) values ('P201000002','여성 봄 셔츠 2','P201','P20101',22000,43000,28000,'파릇한 봄을 위한','P201000002.gif',0,to_date('2005/01/09','yyyy/MM/DD'),9,'M','흰색','세탁 주의','EA',0,0,4);
Insert into PTJ94.PROD (PROD_ID,PROD_NAME,PROD_LGU,PROD_BUYER,PROD_COST,PROD_PRICE,PROD_SALE,PROD_OUTLINE,PROD_IMG,PROD_TOTALSTOCK,PROD_INSDATE,PROD_PROPERSTOCK,PROD_SIZE,PROD_COLOR,PROD_DELIVERY,PROD_UNIT,PROD_QTYIN,PROD_QTYSALE,PROD_MILEAGE) values ('P201000003','여성 봄 셔츠 3','P201','P20101',23000,44000,29000,'파릇한 봄을 위한','P201000003.gif',0,to_date('2005/01/09','yyyy/MM/DD'),9,'L','감색','세탁 주의','EA',0,0,4);
Insert into PTJ94.PROD (PROD_ID,PROD_NAME,PROD_LGU,PROD_BUYER,PROD_COST,PROD_PRICE,PROD_SALE,PROD_OUTLINE,PROD_IMG,PROD_TOTALSTOCK,PROD_INSDATE,PROD_PROPERSTOCK,PROD_SIZE,PROD_COLOR,PROD_DELIVERY,PROD_UNIT,PROD_QTYIN,PROD_QTYSALE,PROD_MILEAGE) values ('P201000004','여성 여름 셔츠 1','P201','P20101',12000,21000,25000,'시원한 여름을 위한','P201000004.gif',0,to_date('2005/01/11','yyyy/MM/DD'),9,'s','청색','세탁 주의','EA',0,0,2);
Insert into PTJ94.PROD (PROD_ID,PROD_NAME,PROD_LGU,PROD_BUYER,PROD_COST,PROD_PRICE,PROD_SALE,PROD_OUTLINE,PROD_IMG,PROD_TOTALSTOCK,PROD_INSDATE,PROD_PROPERSTOCK,PROD_SIZE,PROD_COLOR,PROD_DELIVERY,PROD_UNIT,PROD_QTYIN,PROD_QTYSALE,PROD_MILEAGE) values ('P201000005','여성 여름 셔츠 2','P201','P20101',13000,22000,26000,'시원한 여름을 위한','P201000005.gif',0,to_date('2005/01/11','yyyy/MM/DD'),9,'M','흰색','세탁 주의','EA',0,0,2);
Insert into PTJ94.PROD (PROD_ID,PROD_NAME,PROD_LGU,PROD_BUYER,PROD_COST,PROD_PRICE,PROD_SALE,PROD_OUTLINE,PROD_IMG,PROD_TOTALSTOCK,PROD_INSDATE,PROD_PROPERSTOCK,PROD_SIZE,PROD_COLOR,PROD_DELIVERY,PROD_UNIT,PROD_QTYIN,PROD_QTYSALE,PROD_MILEAGE) values ('P201000006','여성 여름 셔츠 3','P201','P20101',14000,23000,27000,'시원한 여름을 위한','P201000006.gif',0,to_date('2005/01/11','yyyy/MM/DD'),9,'L','감색','세탁 주의','EA',0,0,2);
Insert into PTJ94.PROD (PROD_ID,PROD_NAME,PROD_LGU,PROD_BUYER,PROD_COST,PROD_PRICE,PROD_SALE,PROD_OUTLINE,PROD_IMG,PROD_TOTALSTOCK,PROD_INSDATE,PROD_PROPERSTOCK,PROD_SIZE,PROD_COLOR,PROD_DELIVERY,PROD_UNIT,PROD_QTYIN,PROD_QTYSALE,PROD_MILEAGE) values ('P201000007','여성 겨울 라운드 셔츠 1','P201','P20101',31000,45000,33000,'따뜻한 겨울을 위한','P201000007.gif',0,to_date('2005/01/25','yyyy/MM/DD'),9,'s','청색','세탁 주의','EA',0,0,5);
Insert into PTJ94.PROD (PROD_ID,PROD_NAME,PROD_LGU,PROD_BUYER,PROD_COST,PROD_PRICE,PROD_SALE,PROD_OUTLINE,PROD_IMG,PROD_TOTALSTOCK,PROD_INSDATE,PROD_PROPERSTOCK,PROD_SIZE,PROD_COLOR,PROD_DELIVERY,PROD_UNIT,PROD_QTYIN,PROD_QTYSALE,PROD_MILEAGE) values ('P201000008','여성 겨울 라운드 셔츠 2','P201','P20101',32000,46000,34000,'따뜻한 겨울을 위한','P201000008.gif',0,to_date('2005/01/25','yyyy/MM/DD'),9,'M','흰색','세탁 주의','EA',0,0,5);
Insert into PTJ94.PROD (PROD_ID,PROD_NAME,PROD_LGU,PROD_BUYER,PROD_COST,PROD_PRICE,PROD_SALE,PROD_OUTLINE,PROD_IMG,PROD_TOTALSTOCK,PROD_INSDATE,PROD_PROPERSTOCK,PROD_SIZE,PROD_COLOR,PROD_DELIVERY,PROD_UNIT,PROD_QTYIN,PROD_QTYSALE,PROD_MILEAGE) values ('P201000009','여성 겨울 라운드 셔츠 3','P201','P20101',33000,47000,35000,'따뜻한 겨울을 위한','P201000009.gif',0,to_date('2005/01/25','yyyy/MM/DD'),9,'L','감색','세탁 주의','EA',0,0,5);
Insert into PTJ94.PROD (PROD_ID,PROD_NAME,PROD_LGU,PROD_BUYER,PROD_COST,PROD_PRICE,PROD_SALE,PROD_OUTLINE,PROD_IMG,PROD_TOTALSTOCK,PROD_INSDATE,PROD_PROPERSTOCK,PROD_SIZE,PROD_COLOR,PROD_DELIVERY,PROD_UNIT,PROD_QTYIN,PROD_QTYSALE,PROD_MILEAGE) values ('P201000010','여성 청바지 1','P201','P20102',55000,66000,57000,'편리한 활동파를 위한','P201000010.gif',0,to_date('2005/01/31','yyyy/MM/DD'),38,'30',null,'세탁 주의','EA',0,0,7);
Insert into PTJ94.PROD (PROD_ID,PROD_NAME,PROD_LGU,PROD_BUYER,PROD_COST,PROD_PRICE,PROD_SALE,PROD_OUTLINE,PROD_IMG,PROD_TOTALSTOCK,PROD_INSDATE,PROD_PROPERSTOCK,PROD_SIZE,PROD_COLOR,PROD_DELIVERY,PROD_UNIT,PROD_QTYIN,PROD_QTYSALE,PROD_MILEAGE) values ('P201000011','여성 청바지 2','P201','P20102',56000,67000,58000,'편리한 활동파를 위한','P201000011.gif',0,to_date('2005/01/31','yyyy/MM/DD'),35,'32',null,'세탁 주의','EA',0,0,7);
Insert into PTJ94.PROD (PROD_ID,PROD_NAME,PROD_LGU,PROD_BUYER,PROD_COST,PROD_PRICE,PROD_SALE,PROD_OUTLINE,PROD_IMG,PROD_TOTALSTOCK,PROD_INSDATE,PROD_PROPERSTOCK,PROD_SIZE,PROD_COLOR,PROD_DELIVERY,PROD_UNIT,PROD_QTYIN,PROD_QTYSALE,PROD_MILEAGE) values ('P201000012','여성 청바지 3','P201','P20102',57000,68000,59000,'편리한 활동파를 위한','P201000012.gif',0,to_date('2005/01/31','yyyy/MM/DD'),33,'34',null,'세탁 주의','EA',0,0,7);
Insert into PTJ94.PROD (PROD_ID,PROD_NAME,PROD_LGU,PROD_BUYER,PROD_COST,PROD_PRICE,PROD_SALE,PROD_OUTLINE,PROD_IMG,PROD_TOTALSTOCK,PROD_INSDATE,PROD_PROPERSTOCK,PROD_SIZE,PROD_COLOR,PROD_DELIVERY,PROD_UNIT,PROD_QTYIN,PROD_QTYSALE,PROD_MILEAGE) values ('P201000013','여성 봄 자켓 1','P201','P20101',110000,210000,170000,'편리한 활동파의 봄을 위한','P201000013.gif',0,to_date('2005/02/18','yyyy/MM/DD'),16,'66','청색','세탁 주의','EA',0,0,21);
Insert into PTJ94.PROD (PROD_ID,PROD_NAME,PROD_LGU,PROD_BUYER,PROD_COST,PROD_PRICE,PROD_SALE,PROD_OUTLINE,PROD_IMG,PROD_TOTALSTOCK,PROD_INSDATE,PROD_PROPERSTOCK,PROD_SIZE,PROD_COLOR,PROD_DELIVERY,PROD_UNIT,PROD_QTYIN,PROD_QTYSALE,PROD_MILEAGE) values ('P201000014','여성 봄 자켓 2','P201','P20101',120000,220000,180000,'편리한 활동파의 봄을 위한','P201000014.gif',0,to_date('2005/02/18','yyyy/MM/DD'),18,'77','흰색','세탁 주의','EA',0,0,22);
Insert into PTJ94.PROD (PROD_ID,PROD_NAME,PROD_LGU,PROD_BUYER,PROD_COST,PROD_PRICE,PROD_SALE,PROD_OUTLINE,PROD_IMG,PROD_TOTALSTOCK,PROD_INSDATE,PROD_PROPERSTOCK,PROD_SIZE,PROD_COLOR,PROD_DELIVERY,PROD_UNIT,PROD_QTYIN,PROD_QTYSALE,PROD_MILEAGE) values ('P201000015','여성 봄 자켓 3','P201','P20101',130000,230000,190000,'편리한 활동파의 봄을 위한','P201000015.gif',0,to_date('2005/02/18','yyyy/MM/DD'),17,'88','감색','세탁 주의','EA',0,0,23);
Insert into PTJ94.PROD (PROD_ID,PROD_NAME,PROD_LGU,PROD_BUYER,PROD_COST,PROD_PRICE,PROD_SALE,PROD_OUTLINE,PROD_IMG,PROD_TOTALSTOCK,PROD_INSDATE,PROD_PROPERSTOCK,PROD_SIZE,PROD_COLOR,PROD_DELIVERY,PROD_UNIT,PROD_QTYIN,PROD_QTYSALE,PROD_MILEAGE) values ('P201000016','여성 여름 자켓 1','P201','P20102',100000,160000,130000,'편리한 활동파의 여름을 위한','P201000016.gif',0,to_date('2005/02/21','yyyy/MM/DD'),12,'66','청색','세탁 주의','EA',0,0,16);
Insert into PTJ94.PROD (PROD_ID,PROD_NAME,PROD_LGU,PROD_BUYER,PROD_COST,PROD_PRICE,PROD_SALE,PROD_OUTLINE,PROD_IMG,PROD_TOTALSTOCK,PROD_INSDATE,PROD_PROPERSTOCK,PROD_SIZE,PROD_COLOR,PROD_DELIVERY,PROD_UNIT,PROD_QTYIN,PROD_QTYSALE,PROD_MILEAGE) values ('P201000017','여성 여름 자켓 2','P201','P20102',110000,170000,140000,'편리한 활동파의 여름을 위한','P201000017.gif',0,to_date('2005/02/21','yyyy/MM/DD'),21,'77','흰색','세탁 주의','EA',0,0,17);
Insert into PTJ94.PROD (PROD_ID,PROD_NAME,PROD_LGU,PROD_BUYER,PROD_COST,PROD_PRICE,PROD_SALE,PROD_OUTLINE,PROD_IMG,PROD_TOTALSTOCK,PROD_INSDATE,PROD_PROPERSTOCK,PROD_SIZE,PROD_COLOR,PROD_DELIVERY,PROD_UNIT,PROD_QTYIN,PROD_QTYSALE,PROD_MILEAGE) values ('P201000018','여성 여름 자켓 3','P201','P20102',120000,180000,150000,'편리한 활동파의 여름을 위한','P201000018.gif',0,to_date('2005/02/21','yyyy/MM/DD'),11,'77','감색','세탁 주의','EA',0,0,18);
Insert into PTJ94.PROD (PROD_ID,PROD_NAME,PROD_LGU,PROD_BUYER,PROD_COST,PROD_PRICE,PROD_SALE,PROD_OUTLINE,PROD_IMG,PROD_TOTALSTOCK,PROD_INSDATE,PROD_PROPERSTOCK,PROD_SIZE,PROD_COLOR,PROD_DELIVERY,PROD_UNIT,PROD_QTYIN,PROD_QTYSALE,PROD_MILEAGE) values ('P201000019','여성 겨울 자켓 1','P201','P20102',210000,270000,240000,'편리한 활동파의 따뜻한 겨울을 위한','P201000019.gif',0,to_date('2005/02/28','yyyy/MM/DD'),22,'66','청색','세탁 주의','EA',0,0,27);
Insert into PTJ94.PROD (PROD_ID,PROD_NAME,PROD_LGU,PROD_BUYER,PROD_COST,PROD_PRICE,PROD_SALE,PROD_OUTLINE,PROD_IMG,PROD_TOTALSTOCK,PROD_INSDATE,PROD_PROPERSTOCK,PROD_SIZE,PROD_COLOR,PROD_DELIVERY,PROD_UNIT,PROD_QTYIN,PROD_QTYSALE,PROD_MILEAGE) values ('P201000020','여성 겨울 자켓 2','P201','P20102',220000,280000,250000,'편리한 활동파의 따뜻한 겨울을 위한','P201000020.gif',0,to_date('2005/02/28','yyyy/MM/DD'),29,'77','흰색','세탁 주의','EA',0,0,28);
Insert into PTJ94.PROD (PROD_ID,PROD_NAME,PROD_LGU,PROD_BUYER,PROD_COST,PROD_PRICE,PROD_SALE,PROD_OUTLINE,PROD_IMG,PROD_TOTALSTOCK,PROD_INSDATE,PROD_PROPERSTOCK,PROD_SIZE,PROD_COLOR,PROD_DELIVERY,PROD_UNIT,PROD_QTYIN,PROD_QTYSALE,PROD_MILEAGE) values ('P201000021','여성 겨울 자켓 3','P201','P20102',230000,290000,260000,'편리한 활동파의 따뜻한 겨울을 위한','P201000021.gif',0,to_date('2005/02/28','yyyy/MM/DD'),19,'88','감색','세탁 주의','EA',0,0,29);
Insert into PTJ94.PROD (PROD_ID,PROD_NAME,PROD_LGU,PROD_BUYER,PROD_COST,PROD_PRICE,PROD_SALE,PROD_OUTLINE,PROD_IMG,PROD_TOTALSTOCK,PROD_INSDATE,PROD_PROPERSTOCK,PROD_SIZE,PROD_COLOR,PROD_DELIVERY,PROD_UNIT,PROD_QTYIN,PROD_QTYSALE,PROD_MILEAGE) values ('P202000001','남성 봄 셔츠 1','P202','P20201',10000,19000,15000,'파릇한 봄을 위한','P202000001.gif',0,to_date('2005/01/05','yyyy/MM/DD'),9,'M','청색','세탁 주의','EA',0,0,2);
Insert into PTJ94.PROD (PROD_ID,PROD_NAME,PROD_LGU,PROD_BUYER,PROD_COST,PROD_PRICE,PROD_SALE,PROD_OUTLINE,PROD_IMG,PROD_TOTALSTOCK,PROD_INSDATE,PROD_PROPERSTOCK,PROD_SIZE,PROD_COLOR,PROD_DELIVERY,PROD_UNIT,PROD_QTYIN,PROD_QTYSALE,PROD_MILEAGE) values ('P202000002','남성 봄 셔츠 2','P202','P20201',13000,22000,18000,'파릇한 봄을 위한','P202000002.gif',0,to_date('2005/01/05','yyyy/MM/DD'),9,'L','흰색','세탁 주의','EA',0,0,2);
Insert into PTJ94.PROD (PROD_ID,PROD_NAME,PROD_LGU,PROD_BUYER,PROD_COST,PROD_PRICE,PROD_SALE,PROD_OUTLINE,PROD_IMG,PROD_TOTALSTOCK,PROD_INSDATE,PROD_PROPERSTOCK,PROD_SIZE,PROD_COLOR,PROD_DELIVERY,PROD_UNIT,PROD_QTYIN,PROD_QTYSALE,PROD_MILEAGE) values ('P202000003','남성 봄 셔츠 3','P202','P20201',15000,24000,20000,'파릇한 봄을 위한','P202000003.gif',0,to_date('2005/01/05','yyyy/MM/DD'),9,'XL','감색','세탁 주의','EA',0,0,2);
Insert into PTJ94.PROD (PROD_ID,PROD_NAME,PROD_LGU,PROD_BUYER,PROD_COST,PROD_PRICE,PROD_SALE,PROD_OUTLINE,PROD_IMG,PROD_TOTALSTOCK,PROD_INSDATE,PROD_PROPERSTOCK,PROD_SIZE,PROD_COLOR,PROD_DELIVERY,PROD_UNIT,PROD_QTYIN,PROD_QTYSALE,PROD_MILEAGE) values ('P202000004','남성 여름 셔츠 1','P202','P20201',18000,28000,23000,'시원한 여름을 위한','P202000004.gif',0,to_date('2005/02/05','yyyy/MM/DD'),9,'M','청색','세탁 주의','EA',0,0,3);
Insert into PTJ94.PROD (PROD_ID,PROD_NAME,PROD_LGU,PROD_BUYER,PROD_COST,PROD_PRICE,PROD_SALE,PROD_OUTLINE,PROD_IMG,PROD_TOTALSTOCK,PROD_INSDATE,PROD_PROPERSTOCK,PROD_SIZE,PROD_COLOR,PROD_DELIVERY,PROD_UNIT,PROD_QTYIN,PROD_QTYSALE,PROD_MILEAGE) values ('P202000005','남성 여름 셔츠 2','P202','P20201',23000,33000,28000,'시원한 여름을 위한','P202000005.gif',0,to_date('2005/02/05','yyyy/MM/DD'),9,'L','흰색','세탁 주의','EA',0,0,3);
Insert into PTJ94.PROD (PROD_ID,PROD_NAME,PROD_LGU,PROD_BUYER,PROD_COST,PROD_PRICE,PROD_SALE,PROD_OUTLINE,PROD_IMG,PROD_TOTALSTOCK,PROD_INSDATE,PROD_PROPERSTOCK,PROD_SIZE,PROD_COLOR,PROD_DELIVERY,PROD_UNIT,PROD_QTYIN,PROD_QTYSALE,PROD_MILEAGE) values ('P202000006','남성 여름 셔츠 3','P202','P20201',28000,38000,33000,'시원한 여름을 위한','P202000006.gif',0,to_date('2005/02/05','yyyy/MM/DD'),9,'XL','감색','세탁 주의','EA',0,0,4);
Insert into PTJ94.PROD (PROD_ID,PROD_NAME,PROD_LGU,PROD_BUYER,PROD_COST,PROD_PRICE,PROD_SALE,PROD_OUTLINE,PROD_IMG,PROD_TOTALSTOCK,PROD_INSDATE,PROD_PROPERSTOCK,PROD_SIZE,PROD_COLOR,PROD_DELIVERY,PROD_UNIT,PROD_QTYIN,PROD_QTYSALE,PROD_MILEAGE) values ('P202000007','남성 겨울 라운드 셔츠 1','P202','P20201',25000,42000,31000,'따뜻한 겨울을 위한','P202000007.gif',0,to_date('2005/01/13','yyyy/MM/DD'),9,'M','청색','세탁 주의','EA',0,0,4);
Insert into PTJ94.PROD (PROD_ID,PROD_NAME,PROD_LGU,PROD_BUYER,PROD_COST,PROD_PRICE,PROD_SALE,PROD_OUTLINE,PROD_IMG,PROD_TOTALSTOCK,PROD_INSDATE,PROD_PROPERSTOCK,PROD_SIZE,PROD_COLOR,PROD_DELIVERY,PROD_UNIT,PROD_QTYIN,PROD_QTYSALE,PROD_MILEAGE) values ('P202000008','남성 겨울 라운드 셔츠 2','P202','P20201',27000,43000,33000,'따뜻한 겨울을 위한','P202000008.gif',0,to_date('2005/01/13','yyyy/MM/DD'),9,'L','흰색','세탁 주의','EA',0,0,4);
Insert into PTJ94.PROD (PROD_ID,PROD_NAME,PROD_LGU,PROD_BUYER,PROD_COST,PROD_PRICE,PROD_SALE,PROD_OUTLINE,PROD_IMG,PROD_TOTALSTOCK,PROD_INSDATE,PROD_PROPERSTOCK,PROD_SIZE,PROD_COLOR,PROD_DELIVERY,PROD_UNIT,PROD_QTYIN,PROD_QTYSALE,PROD_MILEAGE) values ('P202000009','남성 겨울 라운드 셔츠 3','P202','P20201',28500,44000,35000,'따뜻한 겨울을 위한','P202000009.gif',0,to_date('2005/01/13','yyyy/MM/DD'),9,'XL','감색','세탁 주의','EA',0,0,4);
Insert into PTJ94.PROD (PROD_ID,PROD_NAME,PROD_LGU,PROD_BUYER,PROD_COST,PROD_PRICE,PROD_SALE,PROD_OUTLINE,PROD_IMG,PROD_TOTALSTOCK,PROD_INSDATE,PROD_PROPERSTOCK,PROD_SIZE,PROD_COLOR,PROD_DELIVERY,PROD_UNIT,PROD_QTYIN,PROD_QTYSALE,PROD_MILEAGE) values ('P202000010','남성 청바지 1','P202','P20202',55000,66000,58000,'편리한 활동파를 위한','P202000010.gif',0,to_date('2005/01/16','yyyy/MM/DD'),38,'30',null,'세탁 주의','EA',0,0,7);
Insert into PTJ94.PROD (PROD_ID,PROD_NAME,PROD_LGU,PROD_BUYER,PROD_COST,PROD_PRICE,PROD_SALE,PROD_OUTLINE,PROD_IMG,PROD_TOTALSTOCK,PROD_INSDATE,PROD_PROPERSTOCK,PROD_SIZE,PROD_COLOR,PROD_DELIVERY,PROD_UNIT,PROD_QTYIN,PROD_QTYSALE,PROD_MILEAGE) values ('P202000011','남성 청바지 2','P202','P20202',55000,66000,58000,'편리한 활동파를 위한','P202000011.gif',0,to_date('2005/01/16','yyyy/MM/DD'),35,'32',null,'세탁 주의','EA',0,0,7);
Insert into PTJ94.PROD (PROD_ID,PROD_NAME,PROD_LGU,PROD_BUYER,PROD_COST,PROD_PRICE,PROD_SALE,PROD_OUTLINE,PROD_IMG,PROD_TOTALSTOCK,PROD_INSDATE,PROD_PROPERSTOCK,PROD_SIZE,PROD_COLOR,PROD_DELIVERY,PROD_UNIT,PROD_QTYIN,PROD_QTYSALE,PROD_MILEAGE) values ('P202000012','남성 청바지 3','P202','P20202',55000,66000,58000,'편리한 활동파를 위한','P202000012.gif',0,to_date('2005/01/16','yyyy/MM/DD'),33,'34',null,'세탁 주의','EA',0,0,7);
Insert into PTJ94.PROD (PROD_ID,PROD_NAME,PROD_LGU,PROD_BUYER,PROD_COST,PROD_PRICE,PROD_SALE,PROD_OUTLINE,PROD_IMG,PROD_TOTALSTOCK,PROD_INSDATE,PROD_PROPERSTOCK,PROD_SIZE,PROD_COLOR,PROD_DELIVERY,PROD_UNIT,PROD_QTYIN,PROD_QTYSALE,PROD_MILEAGE) values ('P202000013','남성 봄 자켓 1','P202','P20201',110000,230000,150000,'편리한 활동파의 봄을 위한','P202000013.gif',0,to_date('2005/02/17','yyyy/MM/DD'),16,'M','청색','세탁 주의','EA',0,0,23);
Insert into PTJ94.PROD (PROD_ID,PROD_NAME,PROD_LGU,PROD_BUYER,PROD_COST,PROD_PRICE,PROD_SALE,PROD_OUTLINE,PROD_IMG,PROD_TOTALSTOCK,PROD_INSDATE,PROD_PROPERSTOCK,PROD_SIZE,PROD_COLOR,PROD_DELIVERY,PROD_UNIT,PROD_QTYIN,PROD_QTYSALE,PROD_MILEAGE) values ('P202000014','남성 봄 자켓 2','P202','P20201',120000,230000,160000,'편리한 활동파의 봄을 위한','P202000014.gif',0,to_date('2005/02/17','yyyy/MM/DD'),18,'L','흰색','세탁 주의','EA',0,0,23);
Insert into PTJ94.PROD (PROD_ID,PROD_NAME,PROD_LGU,PROD_BUYER,PROD_COST,PROD_PRICE,PROD_SALE,PROD_OUTLINE,PROD_IMG,PROD_TOTALSTOCK,PROD_INSDATE,PROD_PROPERSTOCK,PROD_SIZE,PROD_COLOR,PROD_DELIVERY,PROD_UNIT,PROD_QTYIN,PROD_QTYSALE,PROD_MILEAGE) values ('P202000015','남성 봄 자켓 3','P202','P20201',130000,230000,170000,'편리한 활동파의 봄을 위한','P202000015.gif',0,to_date('2005/02/17','yyyy/MM/DD'),17,'XL','감색','세탁 주의','EA',0,0,23);
Insert into PTJ94.PROD (PROD_ID,PROD_NAME,PROD_LGU,PROD_BUYER,PROD_COST,PROD_PRICE,PROD_SALE,PROD_OUTLINE,PROD_IMG,PROD_TOTALSTOCK,PROD_INSDATE,PROD_PROPERSTOCK,PROD_SIZE,PROD_COLOR,PROD_DELIVERY,PROD_UNIT,PROD_QTYIN,PROD_QTYSALE,PROD_MILEAGE) values ('P202000016','남성 여름 자켓 1','P202','P20202',99000,160000,130000,'편리한 활동파의 여름을 위한','P202000016.gif',0,to_date('2005/02/06','yyyy/MM/DD'),12,'M','청색','세탁 주의','EA',0,0,16);
Insert into PTJ94.PROD (PROD_ID,PROD_NAME,PROD_LGU,PROD_BUYER,PROD_COST,PROD_PRICE,PROD_SALE,PROD_OUTLINE,PROD_IMG,PROD_TOTALSTOCK,PROD_INSDATE,PROD_PROPERSTOCK,PROD_SIZE,PROD_COLOR,PROD_DELIVERY,PROD_UNIT,PROD_QTYIN,PROD_QTYSALE,PROD_MILEAGE) values ('P202000017','남성 여름 자켓 2','P202','P20202',109000,170000,150000,'편리한 활동파의 여름을 위한','P202000017.gif',0,to_date('2005/02/06','yyyy/MM/DD'),21,'L','흰색','세탁 주의','EA',0,0,17);
Insert into PTJ94.PROD (PROD_ID,PROD_NAME,PROD_LGU,PROD_BUYER,PROD_COST,PROD_PRICE,PROD_SALE,PROD_OUTLINE,PROD_IMG,PROD_TOTALSTOCK,PROD_INSDATE,PROD_PROPERSTOCK,PROD_SIZE,PROD_COLOR,PROD_DELIVERY,PROD_UNIT,PROD_QTYIN,PROD_QTYSALE,PROD_MILEAGE) values ('P202000018','남성 여름 자켓 3','P202','P20202',159000,190000,170000,'편리한 활동파의 여름을 위한','P202000018.gif',0,to_date('2005/02/06','yyyy/MM/DD'),11,'XL','감색','세탁 주의','EA',0,0,19);
Insert into PTJ94.PROD (PROD_ID,PROD_NAME,PROD_LGU,PROD_BUYER,PROD_COST,PROD_PRICE,PROD_SALE,PROD_OUTLINE,PROD_IMG,PROD_TOTALSTOCK,PROD_INSDATE,PROD_PROPERSTOCK,PROD_SIZE,PROD_COLOR,PROD_DELIVERY,PROD_UNIT,PROD_QTYIN,PROD_QTYSALE,PROD_MILEAGE) values ('P202000019','남성 겨울 자켓 1','P202','P20202',210000,370000,280000,'편리한 활동파의 따뜻한 겨울을 위한','P202000019.gif',0,to_date('2005/02/20','yyyy/MM/DD'),22,'M','청색','세탁 주의','EA',0,0,37);
Insert into PTJ94.PROD (PROD_ID,PROD_NAME,PROD_LGU,PROD_BUYER,PROD_COST,PROD_PRICE,PROD_SALE,PROD_OUTLINE,PROD_IMG,PROD_TOTALSTOCK,PROD_INSDATE,PROD_PROPERSTOCK,PROD_SIZE,PROD_COLOR,PROD_DELIVERY,PROD_UNIT,PROD_QTYIN,PROD_QTYSALE,PROD_MILEAGE) values ('P202000020','남성 겨울 자켓 2','P202','P20202',220000,370000,290000,'편리한 활동파의 따뜻한 겨울을 위한','P202000020.gif',0,to_date('2005/02/20','yyyy/MM/DD'),29,'L','흰색','세탁 주의','EA',0,0,37);
Insert into PTJ94.PROD (PROD_ID,PROD_NAME,PROD_LGU,PROD_BUYER,PROD_COST,PROD_PRICE,PROD_SALE,PROD_OUTLINE,PROD_IMG,PROD_TOTALSTOCK,PROD_INSDATE,PROD_PROPERSTOCK,PROD_SIZE,PROD_COLOR,PROD_DELIVERY,PROD_UNIT,PROD_QTYIN,PROD_QTYSALE,PROD_MILEAGE) values ('P202000021','남성 겨울 자켓 3','P202','P20202',230000,370000,300000,'편리한 활동파의 따뜻한 겨울을 위한','P202000021.gif',0,to_date('2005/02/20','yyyy/MM/DD'),19,'XL','감색','세탁 주의','EA',0,0,37);
Insert into PTJ94.PROD (PROD_ID,PROD_NAME,PROD_LGU,PROD_BUYER,PROD_COST,PROD_PRICE,PROD_SALE,PROD_OUTLINE,PROD_IMG,PROD_TOTALSTOCK,PROD_INSDATE,PROD_PROPERSTOCK,PROD_SIZE,PROD_COLOR,PROD_DELIVERY,PROD_UNIT,PROD_QTYIN,PROD_QTYSALE,PROD_MILEAGE) values ('P301000001','악어 가죽 혁대','P301','P30101',21000,41000,33000,'멋진 혁대를 선물로.....','P301000001.gif',0,to_date('2005/01/15','yyyy/MM/DD'),32,null,null,null,'EA',0,0,4);
Insert into PTJ94.PROD (PROD_ID,PROD_NAME,PROD_LGU,PROD_BUYER,PROD_COST,PROD_PRICE,PROD_SALE,PROD_OUTLINE,PROD_IMG,PROD_TOTALSTOCK,PROD_INSDATE,PROD_PROPERSTOCK,PROD_SIZE,PROD_COLOR,PROD_DELIVERY,PROD_UNIT,PROD_QTYIN,PROD_QTYSALE,PROD_MILEAGE) values ('P301000002','물소 가죽 장지갑','P301','P30101',17000,37000,29000,'멋진 지갑을 선물로.....','P301000002.gif',0,to_date('2005/01/15','yyyy/MM/DD'),52,null,null,null,'EA',0,0,4);
Insert into PTJ94.PROD (PROD_ID,PROD_NAME,PROD_LGU,PROD_BUYER,PROD_COST,PROD_PRICE,PROD_SALE,PROD_OUTLINE,PROD_IMG,PROD_TOTALSTOCK,PROD_INSDATE,PROD_PROPERSTOCK,PROD_SIZE,PROD_COLOR,PROD_DELIVERY,PROD_UNIT,PROD_QTYIN,PROD_QTYSALE,PROD_MILEAGE) values ('P301000003','여성용 손지갑','P301','P30101',22000,33000,26000,'멋진 지갑을 선물로.....','P301000003.gif',0,to_date('2005/02/15','yyyy/MM/DD'),22,null,null,null,'EA',0,0,3);
Insert into PTJ94.PROD (PROD_ID,PROD_NAME,PROD_LGU,PROD_BUYER,PROD_COST,PROD_PRICE,PROD_SALE,PROD_OUTLINE,PROD_IMG,PROD_TOTALSTOCK,PROD_INSDATE,PROD_PROPERSTOCK,PROD_SIZE,PROD_COLOR,PROD_DELIVERY,PROD_UNIT,PROD_QTYIN,PROD_QTYSALE,PROD_MILEAGE) values ('P301000004','여성용 캐쥬얼 벨트','P301','P30101',27000,37000,29000,'멋진 벨트를 선물로.....','P301000004.gif',0,to_date('2005/02/15','yyyy/MM/DD'),21,null,null,null,'EA',0,0,4);
Insert into PTJ94.PROD (PROD_ID,PROD_NAME,PROD_LGU,PROD_BUYER,PROD_COST,PROD_PRICE,PROD_SALE,PROD_OUTLINE,PROD_IMG,PROD_TOTALSTOCK,PROD_INSDATE,PROD_PROPERSTOCK,PROD_SIZE,PROD_COLOR,PROD_DELIVERY,PROD_UNIT,PROD_QTYIN,PROD_QTYSALE,PROD_MILEAGE) values ('P302000001','향수 NO 5','P302','P30201',89000,110000,93000,'향기를 동반한.....','P302000001.gif',0,to_date('2005/01/24','yyyy/MM/DD'),11,null,null,null,'EA',0,0,11);
Insert into PTJ94.PROD (PROD_ID,PROD_NAME,PROD_LGU,PROD_BUYER,PROD_COST,PROD_PRICE,PROD_SALE,PROD_OUTLINE,PROD_IMG,PROD_TOTALSTOCK,PROD_INSDATE,PROD_PROPERSTOCK,PROD_SIZE,PROD_COLOR,PROD_DELIVERY,PROD_UNIT,PROD_QTYIN,PROD_QTYSALE,PROD_MILEAGE) values ('P302000002','샤넬 NO 7','P302','P30201',99000,120000,103000,'향기를 동반한.....','P302000002.gif',0,to_date('2005/01/24','yyyy/MM/DD'),17,null,null,null,'EA',0,0,12);
Insert into PTJ94.PROD (PROD_ID,PROD_NAME,PROD_LGU,PROD_BUYER,PROD_COST,PROD_PRICE,PROD_SALE,PROD_OUTLINE,PROD_IMG,PROD_TOTALSTOCK,PROD_INSDATE,PROD_PROPERSTOCK,PROD_SIZE,PROD_COLOR,PROD_DELIVERY,PROD_UNIT,PROD_QTYIN,PROD_QTYSALE,PROD_MILEAGE) values ('P302000003','남성용 스킨','P302','P30201',19000,32000,21000,'세안후 바르는.....','P302000003.gif',0,to_date('2005/01/24','yyyy/MM/DD'),21,null,null,null,'EA',0,0,3);
Insert into PTJ94.PROD (PROD_ID,PROD_NAME,PROD_LGU,PROD_BUYER,PROD_COST,PROD_PRICE,PROD_SALE,PROD_OUTLINE,PROD_IMG,PROD_TOTALSTOCK,PROD_INSDATE,PROD_PROPERSTOCK,PROD_SIZE,PROD_COLOR,PROD_DELIVERY,PROD_UNIT,PROD_QTYIN,PROD_QTYSALE,PROD_MILEAGE) values ('P302000004','남성용 로숀','P302','P30201',21000,33000,23000,'세안후 바르는.....','P302000004.gif',0,to_date('2005/02/12','yyyy/MM/DD'),19,null,null,null,'EA',0,0,3);
Insert into PTJ94.PROD (PROD_ID,PROD_NAME,PROD_LGU,PROD_BUYER,PROD_COST,PROD_PRICE,PROD_SALE,PROD_OUTLINE,PROD_IMG,PROD_TOTALSTOCK,PROD_INSDATE,PROD_PROPERSTOCK,PROD_SIZE,PROD_COLOR,PROD_DELIVERY,PROD_UNIT,PROD_QTYIN,PROD_QTYSALE,PROD_MILEAGE) values ('P302000005','여성용 스킨','P302','P30201',18000,31000,20000,'세안후 바르는.....','P302000005.gif',0,to_date('2005/02/12','yyyy/MM/DD'),21,null,null,null,'EA',0,0,3);
Insert into PTJ94.PROD (PROD_ID,PROD_NAME,PROD_LGU,PROD_BUYER,PROD_COST,PROD_PRICE,PROD_SALE,PROD_OUTLINE,PROD_IMG,PROD_TOTALSTOCK,PROD_INSDATE,PROD_PROPERSTOCK,PROD_SIZE,PROD_COLOR,PROD_DELIVERY,PROD_UNIT,PROD_QTYIN,PROD_QTYSALE,PROD_MILEAGE) values ('P302000006','여성용 로숀','P302','P30201',20000,32000,22000,'세안후 바르는.....','P302000006.gif',0,to_date('2005/02/12','yyyy/MM/DD'),19,null,null,null,'EA',0,0,3);
Insert into PTJ94.PROD (PROD_ID,PROD_NAME,PROD_LGU,PROD_BUYER,PROD_COST,PROD_PRICE,PROD_SALE,PROD_OUTLINE,PROD_IMG,PROD_TOTALSTOCK,PROD_INSDATE,PROD_PROPERSTOCK,PROD_SIZE,PROD_COLOR,PROD_DELIVERY,PROD_UNIT,PROD_QTYIN,PROD_QTYSALE,PROD_MILEAGE) values ('P302000011','남성 향수','P302','P30202',59000,70000,63000,'좋은 향기를 동반한.....','P302000011.gif',0,to_date('2005/01/13','yyyy/MM/DD'),21,null,null,null,'EA',0,0,7);
Insert into PTJ94.PROD (PROD_ID,PROD_NAME,PROD_LGU,PROD_BUYER,PROD_COST,PROD_PRICE,PROD_SALE,PROD_OUTLINE,PROD_IMG,PROD_TOTALSTOCK,PROD_INSDATE,PROD_PROPERSTOCK,PROD_SIZE,PROD_COLOR,PROD_DELIVERY,PROD_UNIT,PROD_QTYIN,PROD_QTYSALE,PROD_MILEAGE) values ('P302000012','여성 향수','P302','P30202',89000,110000,93000,'좋은향기를 동반한.....','P302000012.gif',0,to_date('2005/01/13','yyyy/MM/DD'),27,null,null,null,'EA',0,0,11);
Insert into PTJ94.PROD (PROD_ID,PROD_NAME,PROD_LGU,PROD_BUYER,PROD_COST,PROD_PRICE,PROD_SALE,PROD_OUTLINE,PROD_IMG,PROD_TOTALSTOCK,PROD_INSDATE,PROD_PROPERSTOCK,PROD_SIZE,PROD_COLOR,PROD_DELIVERY,PROD_UNIT,PROD_QTYIN,PROD_QTYSALE,PROD_MILEAGE) values ('P302000013','립스틱','P302','P30202',17000,27000,23000,'세안후 바르는 좋은.....','P302000013.gif',0,to_date('2005/01/13','yyyy/MM/DD'),11,null,null,null,'EA',0,0,3);
Insert into PTJ94.PROD (PROD_ID,PROD_NAME,PROD_LGU,PROD_BUYER,PROD_COST,PROD_PRICE,PROD_SALE,PROD_OUTLINE,PROD_IMG,PROD_TOTALSTOCK,PROD_INSDATE,PROD_PROPERSTOCK,PROD_SIZE,PROD_COLOR,PROD_DELIVERY,PROD_UNIT,PROD_QTYIN,PROD_QTYSALE,PROD_MILEAGE) values ('P302000014','면도크림','P302','P30202',25000,32000,26000,'세안후 바르는 좋은.....','P302000014.gif',0,to_date('2005/01/14','yyyy/MM/DD'),29,null,null,null,'EA',0,0,3);
Insert into PTJ94.PROD (PROD_ID,PROD_NAME,PROD_LGU,PROD_BUYER,PROD_COST,PROD_PRICE,PROD_SALE,PROD_OUTLINE,PROD_IMG,PROD_TOTALSTOCK,PROD_INSDATE,PROD_PROPERSTOCK,PROD_SIZE,PROD_COLOR,PROD_DELIVERY,PROD_UNIT,PROD_QTYIN,PROD_QTYSALE,PROD_MILEAGE) values ('P302000015','화운데이션','P302','P30202',22000,32000,23000,'세안후 바르는 좋은.....','P302000015.gif',0,to_date('2005/01/14','yyyy/MM/DD'),15,null,null,null,'EA',0,0,3);
Insert into PTJ94.PROD (PROD_ID,PROD_NAME,PROD_LGU,PROD_BUYER,PROD_COST,PROD_PRICE,PROD_SALE,PROD_OUTLINE,PROD_IMG,PROD_TOTALSTOCK,PROD_INSDATE,PROD_PROPERSTOCK,PROD_SIZE,PROD_COLOR,PROD_DELIVERY,PROD_UNIT,PROD_QTYIN,PROD_QTYSALE,PROD_MILEAGE) values ('P302000016','머드팩','P302','P30202',120000,220000,172000,'세안후 바르는 좋은.....','P302000016.gif',0,to_date('2005/01/14','yyyy/MM/DD'),32,null,null,null,'EA',0,0,22);
Insert into PTJ94.PROD (PROD_ID,PROD_NAME,PROD_LGU,PROD_BUYER,PROD_COST,PROD_PRICE,PROD_SALE,PROD_OUTLINE,PROD_IMG,PROD_TOTALSTOCK,PROD_INSDATE,PROD_PROPERSTOCK,PROD_SIZE,PROD_COLOR,PROD_DELIVERY,PROD_UNIT,PROD_QTYIN,PROD_QTYSALE,PROD_MILEAGE) values ('P302000021','참존 기초화장품','P302','P30203',23500,37500,26000,'피부를 산뜻하게.....','P302000021.gif',0,to_date('2005/01/28','yyyy/MM/DD'),25,null,null,null,'EA',0,0,4);
Insert into PTJ94.PROD (PROD_ID,PROD_NAME,PROD_LGU,PROD_BUYER,PROD_COST,PROD_PRICE,PROD_SALE,PROD_OUTLINE,PROD_IMG,PROD_TOTALSTOCK,PROD_INSDATE,PROD_PROPERSTOCK,PROD_SIZE,PROD_COLOR,PROD_DELIVERY,PROD_UNIT,PROD_QTYIN,PROD_QTYSALE,PROD_MILEAGE) values ('P302000022','참존 여성 향수','P302','P30203',78500,98500,83000,'좋은향기와 피부를 산뜻하게.....','P302000022.gif',0,to_date('2005/01/28','yyyy/MM/DD'),53,null,null,null,'EA',0,0,10);
Insert into PTJ94.PROD (PROD_ID,PROD_NAME,PROD_LGU,PROD_BUYER,PROD_COST,PROD_PRICE,PROD_SALE,PROD_OUTLINE,PROD_IMG,PROD_TOTALSTOCK,PROD_INSDATE,PROD_PROPERSTOCK,PROD_SIZE,PROD_COLOR,PROD_DELIVERY,PROD_UNIT,PROD_QTYIN,PROD_QTYSALE,PROD_MILEAGE) values ('P302000023','참존 립스틱','P302','P30203',21500,26500,22500,'좋은 피부를 산뜻하게.....','P302000023.gif',0,to_date('2005/01/28','yyyy/MM/DD'),17,null,null,null,'EA',0,0,3);
REM INSERTING into PTJ94.REMAIN
SET DEFINE OFF;
Insert into PTJ94.REMAIN (REMAIN_YEAR,PROD_ID,REMAIN_J_00,REMAIN_O,REMAIN_I,REMAIN_J_99,REMAIN_DATE) values ('2005','P101000001',33,79,22,-24,to_date('2005/07/08','yyyy/MM/DD'));
Insert into PTJ94.REMAIN (REMAIN_YEAR,PROD_ID,REMAIN_J_00,REMAIN_O,REMAIN_I,REMAIN_J_99,REMAIN_DATE) values ('2005','P101000002',23,86,23,-40,to_date('2005/07/08','yyyy/MM/DD'));
Insert into PTJ94.REMAIN (REMAIN_YEAR,PROD_ID,REMAIN_J_00,REMAIN_O,REMAIN_I,REMAIN_J_99,REMAIN_DATE) values ('2005','P101000003',15,83,21,-47,to_date('2005/07/08','yyyy/MM/DD'));
Insert into PTJ94.REMAIN (REMAIN_YEAR,PROD_ID,REMAIN_J_00,REMAIN_O,REMAIN_I,REMAIN_J_99,REMAIN_DATE) values ('2005','P101000004',22,54,0,-32,to_date('2005/05/10','yyyy/MM/DD'));
Insert into PTJ94.REMAIN (REMAIN_YEAR,PROD_ID,REMAIN_J_00,REMAIN_O,REMAIN_I,REMAIN_J_99,REMAIN_DATE) values ('2005','P101000005',31,76,0,-45,to_date('2005/07/11','yyyy/MM/DD'));
Insert into PTJ94.REMAIN (REMAIN_YEAR,PROD_ID,REMAIN_J_00,REMAIN_O,REMAIN_I,REMAIN_J_99,REMAIN_DATE) values ('2005','P101000006',17,76,0,-59,to_date('2005/07/11','yyyy/MM/DD'));
Insert into PTJ94.REMAIN (REMAIN_YEAR,PROD_ID,REMAIN_J_00,REMAIN_O,REMAIN_I,REMAIN_J_99,REMAIN_DATE) values ('2005','P102000001',53,82,0,-29,to_date('2005/07/19','yyyy/MM/DD'));
Insert into PTJ94.REMAIN (REMAIN_YEAR,PROD_ID,REMAIN_J_00,REMAIN_O,REMAIN_I,REMAIN_J_99,REMAIN_DATE) values ('2005','P102000002',21,84,0,-63,to_date('2005/07/19','yyyy/MM/DD'));
Insert into PTJ94.REMAIN (REMAIN_YEAR,PROD_ID,REMAIN_J_00,REMAIN_O,REMAIN_I,REMAIN_J_99,REMAIN_DATE) values ('2005','P102000003',11,102,11,-80,to_date('2005/07/28','yyyy/MM/DD'));
Insert into PTJ94.REMAIN (REMAIN_YEAR,PROD_ID,REMAIN_J_00,REMAIN_O,REMAIN_I,REMAIN_J_99,REMAIN_DATE) values ('2005','P102000004',19,106,13,-74,to_date('2005/07/28','yyyy/MM/DD'));
Insert into PTJ94.REMAIN (REMAIN_YEAR,PROD_ID,REMAIN_J_00,REMAIN_O,REMAIN_I,REMAIN_J_99,REMAIN_DATE) values ('2005','P102000005',8,97,22,-67,to_date('2005/07/28','yyyy/MM/DD'));
Insert into PTJ94.REMAIN (REMAIN_YEAR,PROD_ID,REMAIN_J_00,REMAIN_O,REMAIN_I,REMAIN_J_99,REMAIN_DATE) values ('2005','P102000006',17,76,0,-59,to_date('2005/07/28','yyyy/MM/DD'));
Insert into PTJ94.REMAIN (REMAIN_YEAR,PROD_ID,REMAIN_J_00,REMAIN_O,REMAIN_I,REMAIN_J_99,REMAIN_DATE) values ('2005','P102000007',36,50,52,38,to_date('2005/05/18','yyyy/MM/DD'));
Insert into PTJ94.REMAIN (REMAIN_YEAR,PROD_ID,REMAIN_J_00,REMAIN_O,REMAIN_I,REMAIN_J_99,REMAIN_DATE) values ('2005','P201000001',9,53,21,-23,to_date('2005/05/18','yyyy/MM/DD'));
Insert into PTJ94.REMAIN (REMAIN_YEAR,PROD_ID,REMAIN_J_00,REMAIN_O,REMAIN_I,REMAIN_J_99,REMAIN_DATE) values ('2005','P201000002',9,53,13,-31,to_date('2005/05/21','yyyy/MM/DD'));
Insert into PTJ94.REMAIN (REMAIN_YEAR,PROD_ID,REMAIN_J_00,REMAIN_O,REMAIN_I,REMAIN_J_99,REMAIN_DATE) values ('2005','P201000003',9,56,15,-32,to_date('2005/07/28','yyyy/MM/DD'));
Insert into PTJ94.REMAIN (REMAIN_YEAR,PROD_ID,REMAIN_J_00,REMAIN_O,REMAIN_I,REMAIN_J_99,REMAIN_DATE) values ('2005','P201000004',9,51,15,-27,to_date('2005/05/21','yyyy/MM/DD'));
Insert into PTJ94.REMAIN (REMAIN_YEAR,PROD_ID,REMAIN_J_00,REMAIN_O,REMAIN_I,REMAIN_J_99,REMAIN_DATE) values ('2005','P201000005',9,56,32,-15,to_date('2005/05/24','yyyy/MM/DD'));
Insert into PTJ94.REMAIN (REMAIN_YEAR,PROD_ID,REMAIN_J_00,REMAIN_O,REMAIN_I,REMAIN_J_99,REMAIN_DATE) values ('2005','P201000006',9,56,11,-36,to_date('2005/05/25','yyyy/MM/DD'));
Insert into PTJ94.REMAIN (REMAIN_YEAR,PROD_ID,REMAIN_J_00,REMAIN_O,REMAIN_I,REMAIN_J_99,REMAIN_DATE) values ('2005','P201000007',9,57,19,-29,to_date('2005/05/25','yyyy/MM/DD'));
Insert into PTJ94.REMAIN (REMAIN_YEAR,PROD_ID,REMAIN_J_00,REMAIN_O,REMAIN_I,REMAIN_J_99,REMAIN_DATE) values ('2005','P201000008',9,49,22,-18,to_date('2005/05/25','yyyy/MM/DD'));
Insert into PTJ94.REMAIN (REMAIN_YEAR,PROD_ID,REMAIN_J_00,REMAIN_O,REMAIN_I,REMAIN_J_99,REMAIN_DATE) values ('2005','P201000009',9,55,26,-20,to_date('2005/05/28','yyyy/MM/DD'));
Insert into PTJ94.REMAIN (REMAIN_YEAR,PROD_ID,REMAIN_J_00,REMAIN_O,REMAIN_I,REMAIN_J_99,REMAIN_DATE) values ('2005','P201000010',38,54,0,-16,to_date('2005/05/29','yyyy/MM/DD'));
Insert into PTJ94.REMAIN (REMAIN_YEAR,PROD_ID,REMAIN_J_00,REMAIN_O,REMAIN_I,REMAIN_J_99,REMAIN_DATE) values ('2005','P201000011',35,55,0,-20,to_date('2005/05/29','yyyy/MM/DD'));
Insert into PTJ94.REMAIN (REMAIN_YEAR,PROD_ID,REMAIN_J_00,REMAIN_O,REMAIN_I,REMAIN_J_99,REMAIN_DATE) values ('2005','P201000012',33,53,0,-20,to_date('2005/05/29','yyyy/MM/DD'));
Insert into PTJ94.REMAIN (REMAIN_YEAR,PROD_ID,REMAIN_J_00,REMAIN_O,REMAIN_I,REMAIN_J_99,REMAIN_DATE) values ('2005','P201000013',16,78,0,-62,to_date('2005/07/01','yyyy/MM/DD'));
Insert into PTJ94.REMAIN (REMAIN_YEAR,PROD_ID,REMAIN_J_00,REMAIN_O,REMAIN_I,REMAIN_J_99,REMAIN_DATE) values ('2005','P201000014',18,71,0,-53,to_date('2005/07/01','yyyy/MM/DD'));
Insert into PTJ94.REMAIN (REMAIN_YEAR,PROD_ID,REMAIN_J_00,REMAIN_O,REMAIN_I,REMAIN_J_99,REMAIN_DATE) values ('2005','P201000015',17,102,0,-85,to_date('2005/07/28','yyyy/MM/DD'));
Insert into PTJ94.REMAIN (REMAIN_YEAR,PROD_ID,REMAIN_J_00,REMAIN_O,REMAIN_I,REMAIN_J_99,REMAIN_DATE) values ('2005','P201000016',12,74,725,663,to_date('2005/07/28','yyyy/MM/DD'));
Insert into PTJ94.REMAIN (REMAIN_YEAR,PROD_ID,REMAIN_J_00,REMAIN_O,REMAIN_I,REMAIN_J_99,REMAIN_DATE) values ('2005','P201000017',21,74,341,288,to_date('2005/07/28','yyyy/MM/DD'));
Insert into PTJ94.REMAIN (REMAIN_YEAR,PROD_ID,REMAIN_J_00,REMAIN_O,REMAIN_I,REMAIN_J_99,REMAIN_DATE) values ('2005','P201000018',11,33,111,89,to_date('2005/05/05','yyyy/MM/DD'));
Insert into PTJ94.REMAIN (REMAIN_YEAR,PROD_ID,REMAIN_J_00,REMAIN_O,REMAIN_I,REMAIN_J_99,REMAIN_DATE) values ('2005','P201000019',22,73,16,-35,to_date('2005/04/01','yyyy/MM/DD'));
Insert into PTJ94.REMAIN (REMAIN_YEAR,PROD_ID,REMAIN_J_00,REMAIN_O,REMAIN_I,REMAIN_J_99,REMAIN_DATE) values ('2005','P201000020',29,37,39,31,to_date('2005/05/07','yyyy/MM/DD'));
Insert into PTJ94.REMAIN (REMAIN_YEAR,PROD_ID,REMAIN_J_00,REMAIN_O,REMAIN_I,REMAIN_J_99,REMAIN_DATE) values ('2005','P201000021',19,53,32,-2,to_date('2005/05/10','yyyy/MM/DD'));
Insert into PTJ94.REMAIN (REMAIN_YEAR,PROD_ID,REMAIN_J_00,REMAIN_O,REMAIN_I,REMAIN_J_99,REMAIN_DATE) values ('2005','P202000001',9,42,18,-15,to_date('2005/05/10','yyyy/MM/DD'));
Insert into PTJ94.REMAIN (REMAIN_YEAR,PROD_ID,REMAIN_J_00,REMAIN_O,REMAIN_I,REMAIN_J_99,REMAIN_DATE) values ('2005','P202000002',9,51,19,-23,to_date('2005/05/10','yyyy/MM/DD'));
Insert into PTJ94.REMAIN (REMAIN_YEAR,PROD_ID,REMAIN_J_00,REMAIN_O,REMAIN_I,REMAIN_J_99,REMAIN_DATE) values ('2005','P202000003',9,43,11,-23,to_date('2005/05/12','yyyy/MM/DD'));
Insert into PTJ94.REMAIN (REMAIN_YEAR,PROD_ID,REMAIN_J_00,REMAIN_O,REMAIN_I,REMAIN_J_99,REMAIN_DATE) values ('2005','P202000004',9,49,0,-40,to_date('2005/05/13','yyyy/MM/DD'));
Insert into PTJ94.REMAIN (REMAIN_YEAR,PROD_ID,REMAIN_J_00,REMAIN_O,REMAIN_I,REMAIN_J_99,REMAIN_DATE) values ('2005','P202000005',9,41,0,-32,to_date('2005/05/13','yyyy/MM/DD'));
Insert into PTJ94.REMAIN (REMAIN_YEAR,PROD_ID,REMAIN_J_00,REMAIN_O,REMAIN_I,REMAIN_J_99,REMAIN_DATE) values ('2005','P202000006',9,46,0,-37,to_date('2005/05/15','yyyy/MM/DD'));
Insert into PTJ94.REMAIN (REMAIN_YEAR,PROD_ID,REMAIN_J_00,REMAIN_O,REMAIN_I,REMAIN_J_99,REMAIN_DATE) values ('2005','P202000007',9,36,22,-5,to_date('2005/05/16','yyyy/MM/DD'));
Insert into PTJ94.REMAIN (REMAIN_YEAR,PROD_ID,REMAIN_J_00,REMAIN_O,REMAIN_I,REMAIN_J_99,REMAIN_DATE) values ('2005','P202000008',9,37,33,5,to_date('2005/05/16','yyyy/MM/DD'));
Insert into PTJ94.REMAIN (REMAIN_YEAR,PROD_ID,REMAIN_J_00,REMAIN_O,REMAIN_I,REMAIN_J_99,REMAIN_DATE) values ('2005','P202000009',9,41,14,-18,to_date('2005/05/16','yyyy/MM/DD'));
Insert into PTJ94.REMAIN (REMAIN_YEAR,PROD_ID,REMAIN_J_00,REMAIN_O,REMAIN_I,REMAIN_J_99,REMAIN_DATE) values ('2005','P202000010',38,35,21,24,to_date('2005/05/18','yyyy/MM/DD'));
Insert into PTJ94.REMAIN (REMAIN_YEAR,PROD_ID,REMAIN_J_00,REMAIN_O,REMAIN_I,REMAIN_J_99,REMAIN_DATE) values ('2005','P202000011',35,30,91,96,to_date('2005/05/18','yyyy/MM/DD'));
Insert into PTJ94.REMAIN (REMAIN_YEAR,PROD_ID,REMAIN_J_00,REMAIN_O,REMAIN_I,REMAIN_J_99,REMAIN_DATE) values ('2005','P202000012',33,53,15,-5,to_date('2005/05/21','yyyy/MM/DD'));
Insert into PTJ94.REMAIN (REMAIN_YEAR,PROD_ID,REMAIN_J_00,REMAIN_O,REMAIN_I,REMAIN_J_99,REMAIN_DATE) values ('2005','P202000013',16,49,0,-33,to_date('2005/05/21','yyyy/MM/DD'));
Insert into PTJ94.REMAIN (REMAIN_YEAR,PROD_ID,REMAIN_J_00,REMAIN_O,REMAIN_I,REMAIN_J_99,REMAIN_DATE) values ('2005','P202000014',18,52,0,-34,to_date('2005/05/21','yyyy/MM/DD'));
Insert into PTJ94.REMAIN (REMAIN_YEAR,PROD_ID,REMAIN_J_00,REMAIN_O,REMAIN_I,REMAIN_J_99,REMAIN_DATE) values ('2005','P202000015',17,52,0,-35,to_date('2005/05/24','yyyy/MM/DD'));
Insert into PTJ94.REMAIN (REMAIN_YEAR,PROD_ID,REMAIN_J_00,REMAIN_O,REMAIN_I,REMAIN_J_99,REMAIN_DATE) values ('2005','P202000016',12,54,0,-42,to_date('2005/05/25','yyyy/MM/DD'));
Insert into PTJ94.REMAIN (REMAIN_YEAR,PROD_ID,REMAIN_J_00,REMAIN_O,REMAIN_I,REMAIN_J_99,REMAIN_DATE) values ('2005','P202000017',21,56,0,-35,to_date('2005/05/25','yyyy/MM/DD'));
Insert into PTJ94.REMAIN (REMAIN_YEAR,PROD_ID,REMAIN_J_00,REMAIN_O,REMAIN_I,REMAIN_J_99,REMAIN_DATE) values ('2005','P202000018',11,56,0,-45,to_date('2005/05/25','yyyy/MM/DD'));
Insert into PTJ94.REMAIN (REMAIN_YEAR,PROD_ID,REMAIN_J_00,REMAIN_O,REMAIN_I,REMAIN_J_99,REMAIN_DATE) values ('2005','P202000019',22,57,0,-35,to_date('2005/05/28','yyyy/MM/DD'));
Insert into PTJ94.REMAIN (REMAIN_YEAR,PROD_ID,REMAIN_J_00,REMAIN_O,REMAIN_I,REMAIN_J_99,REMAIN_DATE) values ('2005','P202000020',29,49,0,-20,to_date('2005/05/29','yyyy/MM/DD'));
Insert into PTJ94.REMAIN (REMAIN_YEAR,PROD_ID,REMAIN_J_00,REMAIN_O,REMAIN_I,REMAIN_J_99,REMAIN_DATE) values ('2005','P202000021',19,48,0,-29,to_date('2005/05/29','yyyy/MM/DD'));
Insert into PTJ94.REMAIN (REMAIN_YEAR,PROD_ID,REMAIN_J_00,REMAIN_O,REMAIN_I,REMAIN_J_99,REMAIN_DATE) values ('2005','P301000001',32,51,15,-4,to_date('2005/05/29','yyyy/MM/DD'));
Insert into PTJ94.REMAIN (REMAIN_YEAR,PROD_ID,REMAIN_J_00,REMAIN_O,REMAIN_I,REMAIN_J_99,REMAIN_DATE) values ('2005','P301000002',52,75,19,-4,to_date('2005/07/01','yyyy/MM/DD'));
Insert into PTJ94.REMAIN (REMAIN_YEAR,PROD_ID,REMAIN_J_00,REMAIN_O,REMAIN_I,REMAIN_J_99,REMAIN_DATE) values ('2005','P301000003',22,104,0,-82,to_date('2005/07/28','yyyy/MM/DD'));
Insert into PTJ94.REMAIN (REMAIN_YEAR,PROD_ID,REMAIN_J_00,REMAIN_O,REMAIN_I,REMAIN_J_99,REMAIN_DATE) values ('2005','P301000004',21,0,0,21,to_date('2004/12/31','yyyy/MM/DD'));
Insert into PTJ94.REMAIN (REMAIN_YEAR,PROD_ID,REMAIN_J_00,REMAIN_O,REMAIN_I,REMAIN_J_99,REMAIN_DATE) values ('2005','P302000001',11,177,253,87,to_date('2005/07/28','yyyy/MM/DD'));
Insert into PTJ94.REMAIN (REMAIN_YEAR,PROD_ID,REMAIN_J_00,REMAIN_O,REMAIN_I,REMAIN_J_99,REMAIN_DATE) values ('2005','P302000002',17,187,31,-139,to_date('2005/07/28','yyyy/MM/DD'));
Insert into PTJ94.REMAIN (REMAIN_YEAR,PROD_ID,REMAIN_J_00,REMAIN_O,REMAIN_I,REMAIN_J_99,REMAIN_DATE) values ('2005','P302000003',21,124,197,94,to_date('2005/06/13','yyyy/MM/DD'));
Insert into PTJ94.REMAIN (REMAIN_YEAR,PROD_ID,REMAIN_J_00,REMAIN_O,REMAIN_I,REMAIN_J_99,REMAIN_DATE) values ('2005','P302000004',19,137,0,-118,to_date('2005/06/13','yyyy/MM/DD'));
Insert into PTJ94.REMAIN (REMAIN_YEAR,PROD_ID,REMAIN_J_00,REMAIN_O,REMAIN_I,REMAIN_J_99,REMAIN_DATE) values ('2005','P302000005',21,126,0,-105,to_date('2005/06/13','yyyy/MM/DD'));
Insert into PTJ94.REMAIN (REMAIN_YEAR,PROD_ID,REMAIN_J_00,REMAIN_O,REMAIN_I,REMAIN_J_99,REMAIN_DATE) values ('2005','P302000006',19,136,0,-117,to_date('2005/06/21','yyyy/MM/DD'));
Insert into PTJ94.REMAIN (REMAIN_YEAR,PROD_ID,REMAIN_J_00,REMAIN_O,REMAIN_I,REMAIN_J_99,REMAIN_DATE) values ('2005','P302000011',21,122,125,24,to_date('2005/06/21','yyyy/MM/DD'));
Insert into PTJ94.REMAIN (REMAIN_YEAR,PROD_ID,REMAIN_J_00,REMAIN_O,REMAIN_I,REMAIN_J_99,REMAIN_DATE) values ('2005','P302000012',27,78,16,-35,to_date('2005/06/21','yyyy/MM/DD'));
Insert into PTJ94.REMAIN (REMAIN_YEAR,PROD_ID,REMAIN_J_00,REMAIN_O,REMAIN_I,REMAIN_J_99,REMAIN_DATE) values ('2005','P302000013',11,103,13,-79,to_date('2005/06/25','yyyy/MM/DD'));
Insert into PTJ94.REMAIN (REMAIN_YEAR,PROD_ID,REMAIN_J_00,REMAIN_O,REMAIN_I,REMAIN_J_99,REMAIN_DATE) values ('2005','P302000014',29,101,21,-51,to_date('2005/06/25','yyyy/MM/DD'));
Insert into PTJ94.REMAIN (REMAIN_YEAR,PROD_ID,REMAIN_J_00,REMAIN_O,REMAIN_I,REMAIN_J_99,REMAIN_DATE) values ('2005','P302000015',15,104,33,-56,to_date('2005/06/25','yyyy/MM/DD'));
Insert into PTJ94.REMAIN (REMAIN_YEAR,PROD_ID,REMAIN_J_00,REMAIN_O,REMAIN_I,REMAIN_J_99,REMAIN_DATE) values ('2005','P302000016',32,73,17,-24,to_date('2005/06/06','yyyy/MM/DD'));
Insert into PTJ94.REMAIN (REMAIN_YEAR,PROD_ID,REMAIN_J_00,REMAIN_O,REMAIN_I,REMAIN_J_99,REMAIN_DATE) values ('2005','P302000021',25,78,23,-30,to_date('2005/06/06','yyyy/MM/DD'));
Insert into PTJ94.REMAIN (REMAIN_YEAR,PROD_ID,REMAIN_J_00,REMAIN_O,REMAIN_I,REMAIN_J_99,REMAIN_DATE) values ('2005','P302000022',53,79,17,-9,to_date('2005/06/06','yyyy/MM/DD'));
Insert into PTJ94.REMAIN (REMAIN_YEAR,PROD_ID,REMAIN_J_00,REMAIN_O,REMAIN_I,REMAIN_J_99,REMAIN_DATE) values ('2005','P302000023',17,79,15,-47,to_date('2005/06/12','yyyy/MM/DD'));
REM INSERTING into PTJ94.SAL_GRADE
SET DEFINE OFF;
Insert into PTJ94.SAL_GRADE (GRADE,LOW_SAL,MAX_SAL) values (1,1000,2999);
Insert into PTJ94.SAL_GRADE (GRADE,LOW_SAL,MAX_SAL) values (2,3000,5999);
Insert into PTJ94.SAL_GRADE (GRADE,LOW_SAL,MAX_SAL) values (3,5000,7999);
Insert into PTJ94.SAL_GRADE (GRADE,LOW_SAL,MAX_SAL) values (4,8000,12999);
Insert into PTJ94.SAL_GRADE (GRADE,LOW_SAL,MAX_SAL) values (5,13000,19999);
Insert into PTJ94.SAL_GRADE (GRADE,LOW_SAL,MAX_SAL) values (6,20000,40000);
REM INSERTING into PTJ94.TABLE3
SET DEFINE OFF;
REM INSERTING into PTJ94.TB_ANSWER
SET DEFINE OFF;
REM INSERTING into PTJ94.TB_BOARD
SET DEFINE OFF;
REM INSERTING into PTJ94.TB_CARDINFO
SET DEFINE OFF;
REM INSERTING into PTJ94.TB_COMMENT
SET DEFINE OFF;
REM INSERTING into PTJ94.TB_COUPON
SET DEFINE OFF;
REM INSERTING into PTJ94.TB_FEEL
SET DEFINE OFF;
REM INSERTING into PTJ94.TB_GENRE
SET DEFINE OFF;
REM INSERTING into PTJ94.TB_JDBC_BOARD
SET DEFINE OFF;
Insert into PTJ94.TB_JDBC_BOARD (BOARD_NO,TITLE,CONTENT,MEM_ID,REG_DATE) values (1,'SDF','SADF','SADF',to_date('2022/02/08','yyyy/MM/DD'));
Insert into PTJ94.TB_JDBC_BOARD (BOARD_NO,TITLE,CONTENT,MEM_ID,REG_DATE) values (2,'DF','SAF','안녕하신가',to_date('2022/02/08','yyyy/MM/DD'));
Insert into PTJ94.TB_JDBC_BOARD (BOARD_NO,TITLE,CONTENT,MEM_ID,REG_DATE) values (3,'DSF','SDF','SADF',to_date('2022/02/08','yyyy/MM/DD'));
Insert into PTJ94.TB_JDBC_BOARD (BOARD_NO,TITLE,CONTENT,MEM_ID,REG_DATE) values (4,'SF','SADF','SDF',to_date('2022/02/08','yyyy/MM/DD'));
Insert into PTJ94.TB_JDBC_BOARD (BOARD_NO,TITLE,CONTENT,MEM_ID,REG_DATE) values (5,'안녕하세요','제이름은 박태정이라고 합니다','SDFSA',to_date('2022/02/08','yyyy/MM/DD'));
Insert into PTJ94.TB_JDBC_BOARD (BOARD_NO,TITLE,CONTENT,MEM_ID,REG_DATE) values (6,'안녕하세요','할랄라','a001',to_date('2022/02/08','yyyy/MM/DD'));
REM INSERTING into PTJ94.TB_JDBC_MEMBER
SET DEFINE OFF;
REM INSERTING into PTJ94.TB_LIST
SET DEFINE OFF;
REM INSERTING into PTJ94.TB_MEMBER
SET DEFINE OFF;
REM INSERTING into PTJ94.TB_MEMBER_M
SET DEFINE OFF;
REM INSERTING into PTJ94.TB_NOTICE_M
SET DEFINE OFF;
REM INSERTING into PTJ94.TB_QUESTION
SET DEFINE OFF;
REM INSERTING into PTJ94.TB_SUB
SET DEFINE OFF;
REM INSERTING into PTJ94.ZIPTB
SET DEFINE OFF;
--------------------------------------------------------
--  DDL for Index PK_DEPT
--------------------------------------------------------

  CREATE UNIQUE INDEX "PTJ94"."PK_DEPT" ON "PTJ94"."DEPT" ("DEPT_ID") 
  PCTFREE 10 INITRANS 2 MAXTRANS 255 COMPUTE STATISTICS 
  STORAGE(INITIAL 65536 NEXT 1048576 MINEXTENTS 1 MAXEXTENTS 2147483645
  PCTINCREASE 0 FREELISTS 1 FREELIST GROUPS 1 BUFFER_POOL DEFAULT FLASH_CACHE DEFAULT CELL_FLASH_CACHE DEFAULT)
  TABLESPACE "SYSTEM" ;
--------------------------------------------------------
--  DDL for Index PK_EMP
--------------------------------------------------------

  CREATE UNIQUE INDEX "PTJ94"."PK_EMP" ON "PTJ94"."EMP" ("EMP_ID") 
  PCTFREE 10 INITRANS 2 MAXTRANS 255 COMPUTE STATISTICS 
  STORAGE(INITIAL 65536 NEXT 1048576 MINEXTENTS 1 MAXEXTENTS 2147483645
  PCTINCREASE 0 FREELISTS 1 FREELIST GROUPS 1 BUFFER_POOL DEFAULT FLASH_CACHE DEFAULT CELL_FLASH_CACHE DEFAULT)
  TABLESPACE "SYSTEM" ;
--------------------------------------------------------
--  DDL for Index PK_BANKINFO
--------------------------------------------------------

  CREATE UNIQUE INDEX "PTJ94"."PK_BANKINFO" ON "PTJ94"."BANKINFO" ("BANK_NO") 
  PCTFREE 10 INITRANS 2 MAXTRANS 255 COMPUTE STATISTICS 
  STORAGE(INITIAL 65536 NEXT 1048576 MINEXTENTS 1 MAXEXTENTS 2147483645
  PCTINCREASE 0 FREELISTS 1 FREELIST GROUPS 1 BUFFER_POOL DEFAULT FLASH_CACHE DEFAULT CELL_FLASH_CACHE DEFAULT)
  TABLESPACE "SYSTEM" ;
--------------------------------------------------------
--  DDL for Index PK_MYMEMBER
--------------------------------------------------------

  CREATE UNIQUE INDEX "PTJ94"."PK_MYMEMBER" ON "PTJ94"."MYMEMBER" ("MEM_ID") 
  PCTFREE 10 INITRANS 2 MAXTRANS 255 COMPUTE STATISTICS 
  STORAGE(INITIAL 65536 NEXT 1048576 MINEXTENTS 1 MAXEXTENTS 2147483645
  PCTINCREASE 0 FREELISTS 1 FREELIST GROUPS 1 BUFFER_POOL DEFAULT FLASH_CACHE DEFAULT CELL_FLASH_CACHE DEFAULT)
  TABLESPACE "SYSTEM" ;
--------------------------------------------------------
--  DDL for Index PK_TB_ANSWER
--------------------------------------------------------

  CREATE UNIQUE INDEX "PTJ94"."PK_TB_ANSWER" ON "PTJ94"."TB_ANSWER" ("Q_NO") 
  PCTFREE 10 INITRANS 2 MAXTRANS 255 COMPUTE STATISTICS 
  STORAGE(INITIAL 65536 NEXT 1048576 MINEXTENTS 1 MAXEXTENTS 2147483645
  PCTINCREASE 0 FREELISTS 1 FREELIST GROUPS 1 BUFFER_POOL DEFAULT FLASH_CACHE DEFAULT CELL_FLASH_CACHE DEFAULT)
  TABLESPACE "SYSTEM" ;
--------------------------------------------------------
--  DDL for Index PK_TB_BOARD
--------------------------------------------------------

  CREATE UNIQUE INDEX "PTJ94"."PK_TB_BOARD" ON "PTJ94"."TB_BOARD" ("ARTICLENO") 
  PCTFREE 10 INITRANS 2 MAXTRANS 255 COMPUTE STATISTICS 
  STORAGE(INITIAL 65536 NEXT 1048576 MINEXTENTS 1 MAXEXTENTS 2147483645
  PCTINCREASE 0 FREELISTS 1 FREELIST GROUPS 1 BUFFER_POOL DEFAULT FLASH_CACHE DEFAULT CELL_FLASH_CACHE DEFAULT)
  TABLESPACE "SYSTEM" ;
--------------------------------------------------------
--  DDL for Index PK_TB_GENRE
--------------------------------------------------------

  CREATE UNIQUE INDEX "PTJ94"."PK_TB_GENRE" ON "PTJ94"."TB_GENRE" ("G_CO") 
  PCTFREE 10 INITRANS 2 MAXTRANS 255 COMPUTE STATISTICS 
  STORAGE(INITIAL 65536 NEXT 1048576 MINEXTENTS 1 MAXEXTENTS 2147483645
  PCTINCREASE 0 FREELISTS 1 FREELIST GROUPS 1 BUFFER_POOL DEFAULT FLASH_CACHE DEFAULT CELL_FLASH_CACHE DEFAULT)
  TABLESPACE "SYSTEM" ;
--------------------------------------------------------
--  DDL for Index PK_TB_MEMBER
--------------------------------------------------------

  CREATE UNIQUE INDEX "PTJ94"."PK_TB_MEMBER" ON "PTJ94"."TB_MEMBER" ("ID") 
  PCTFREE 10 INITRANS 2 MAXTRANS 255 COMPUTE STATISTICS 
  STORAGE(INITIAL 65536 NEXT 1048576 MINEXTENTS 1 MAXEXTENTS 2147483645
  PCTINCREASE 0 FREELISTS 1 FREELIST GROUPS 1 BUFFER_POOL DEFAULT FLASH_CACHE DEFAULT CELL_FLASH_CACHE DEFAULT)
  TABLESPACE "SYSTEM" ;
--------------------------------------------------------
--  DDL for Index PK_BUYER
--------------------------------------------------------

  CREATE UNIQUE INDEX "PTJ94"."PK_BUYER" ON "PTJ94"."BUYER" ("BUYER_ID") 
  PCTFREE 10 INITRANS 2 MAXTRANS 255 COMPUTE STATISTICS 
  STORAGE(INITIAL 65536 NEXT 1048576 MINEXTENTS 1 MAXEXTENTS 2147483645
  PCTINCREASE 0 FREELISTS 1 FREELIST GROUPS 1 BUFFER_POOL DEFAULT FLASH_CACHE DEFAULT CELL_FLASH_CACHE DEFAULT)
  TABLESPACE "SYSTEM" ;
--------------------------------------------------------
--  DDL for Index PK_TB_QUESTION
--------------------------------------------------------

  CREATE UNIQUE INDEX "PTJ94"."PK_TB_QUESTION" ON "PTJ94"."TB_QUESTION" ("Q_NO") 
  PCTFREE 10 INITRANS 2 MAXTRANS 255 COMPUTE STATISTICS 
  STORAGE(INITIAL 65536 NEXT 1048576 MINEXTENTS 1 MAXEXTENTS 2147483645
  PCTINCREASE 0 FREELISTS 1 FREELIST GROUPS 1 BUFFER_POOL DEFAULT FLASH_CACHE DEFAULT CELL_FLASH_CACHE DEFAULT)
  TABLESPACE "SYSTEM" ;
--------------------------------------------------------
--  DDL for Index TB_JDBC_MEMBER_PK
--------------------------------------------------------

  CREATE UNIQUE INDEX "PTJ94"."TB_JDBC_MEMBER_PK" ON "PTJ94"."TB_JDBC_MEMBER" ("MEM_ID") 
  PCTFREE 10 INITRANS 2 MAXTRANS 255 COMPUTE STATISTICS 
  STORAGE(INITIAL 65536 NEXT 1048576 MINEXTENTS 1 MAXEXTENTS 2147483645
  PCTINCREASE 0 FREELISTS 1 FREELIST GROUPS 1 BUFFER_POOL DEFAULT FLASH_CACHE DEFAULT CELL_FLASH_CACHE DEFAULT)
  TABLESPACE "SYSTEM" ;
--------------------------------------------------------
--  DDL for Index PK_ZIPTB
--------------------------------------------------------

  CREATE UNIQUE INDEX "PTJ94"."PK_ZIPTB" ON "PTJ94"."ZIPTB" ("SEQ") 
  PCTFREE 10 INITRANS 2 MAXTRANS 255 COMPUTE STATISTICS 
  STORAGE(INITIAL 65536 NEXT 1048576 MINEXTENTS 1 MAXEXTENTS 2147483645
  PCTINCREASE 0 FREELISTS 1 FREELIST GROUPS 1 BUFFER_POOL DEFAULT FLASH_CACHE DEFAULT CELL_FLASH_CACHE DEFAULT)
  TABLESPACE "SYSTEM" ;
--------------------------------------------------------
--  DDL for Index IDX_EMP_NAME
--------------------------------------------------------

  CREATE INDEX "PTJ94"."IDX_EMP_NAME" ON "HR"."EMPLOYEES" ("EMP_NAME") 
  PCTFREE 10 INITRANS 2 MAXTRANS 255 COMPUTE STATISTICS 
  STORAGE(INITIAL 65536 NEXT 1048576 MINEXTENTS 1 MAXEXTENTS 2147483645
  PCTINCREASE 0 FREELISTS 1 FREELIST GROUPS 1 BUFFER_POOL DEFAULT FLASH_CACHE DEFAULT CELL_FLASH_CACHE DEFAULT)
  TABLESPACE "SYSTEM" ;
--------------------------------------------------------
--  DDL for Index PK_TB_LIST
--------------------------------------------------------

  CREATE UNIQUE INDEX "PTJ94"."PK_TB_LIST" ON "PTJ94"."TB_LIST" ("ID", "M_NO") 
  PCTFREE 10 INITRANS 2 MAXTRANS 255 COMPUTE STATISTICS 
  STORAGE(INITIAL 65536 NEXT 1048576 MINEXTENTS 1 MAXEXTENTS 2147483645
  PCTINCREASE 0 FREELISTS 1 FREELIST GROUPS 1 BUFFER_POOL DEFAULT FLASH_CACHE DEFAULT CELL_FLASH_CACHE DEFAULT)
  TABLESPACE "SYSTEM" ;
--------------------------------------------------------
--  DDL for Index PK_LPROD
--------------------------------------------------------

  CREATE UNIQUE INDEX "PTJ94"."PK_LPROD" ON "PTJ94"."LPROD" ("LPROD_GU") 
  PCTFREE 10 INITRANS 2 MAXTRANS 255 COMPUTE STATISTICS 
  STORAGE(INITIAL 65536 NEXT 1048576 MINEXTENTS 1 MAXEXTENTS 2147483645
  PCTINCREASE 0 FREELISTS 1 FREELIST GROUPS 1 BUFFER_POOL DEFAULT FLASH_CACHE DEFAULT CELL_FLASH_CACHE DEFAULT)
  TABLESPACE "SYSTEM" ;
--------------------------------------------------------
--  DDL for Index PK_PROD_ID
--------------------------------------------------------

  CREATE UNIQUE INDEX "PTJ94"."PK_PROD_ID" ON "PTJ94"."PROD" ("PROD_ID") 
  PCTFREE 10 INITRANS 2 MAXTRANS 255 COMPUTE STATISTICS 
  STORAGE(INITIAL 65536 NEXT 1048576 MINEXTENTS 1 MAXEXTENTS 2147483645
  PCTINCREASE 0 FREELISTS 1 FREELIST GROUPS 1 BUFFER_POOL DEFAULT FLASH_CACHE DEFAULT CELL_FLASH_CACHE DEFAULT)
  TABLESPACE "SYSTEM" ;
--------------------------------------------------------
--  DDL for Index PK_CART
--------------------------------------------------------

  CREATE UNIQUE INDEX "PTJ94"."PK_CART" ON "PTJ94"."CART" ("CART_NO", "CART_PROD") 
  PCTFREE 10 INITRANS 2 MAXTRANS 255 COMPUTE STATISTICS 
  STORAGE(INITIAL 65536 NEXT 1048576 MINEXTENTS 1 MAXEXTENTS 2147483645
  PCTINCREASE 0 FREELISTS 1 FREELIST GROUPS 1 BUFFER_POOL DEFAULT FLASH_CACHE DEFAULT CELL_FLASH_CACHE DEFAULT)
  TABLESPACE "SYSTEM" ;
--------------------------------------------------------
--  DDL for Index PK_BUYPROD
--------------------------------------------------------

  CREATE UNIQUE INDEX "PTJ94"."PK_BUYPROD" ON "PTJ94"."BUYPROD" ("BUY_DATE", "BUY_PROD") 
  PCTFREE 10 INITRANS 2 MAXTRANS 255 COMPUTE STATISTICS 
  STORAGE(INITIAL 65536 NEXT 1048576 MINEXTENTS 1 MAXEXTENTS 2147483645
  PCTINCREASE 0 FREELISTS 1 FREELIST GROUPS 1 BUFFER_POOL DEFAULT FLASH_CACHE DEFAULT CELL_FLASH_CACHE DEFAULT)
  TABLESPACE "SYSTEM" ;
--------------------------------------------------------
--  DDL for Index PK_TB_CARDINFO
--------------------------------------------------------

  CREATE UNIQUE INDEX "PTJ94"."PK_TB_CARDINFO" ON "PTJ94"."TB_CARDINFO" ("ID") 
  PCTFREE 10 INITRANS 2 MAXTRANS 255 COMPUTE STATISTICS 
  STORAGE(INITIAL 65536 NEXT 1048576 MINEXTENTS 1 MAXEXTENTS 2147483645
  PCTINCREASE 0 FREELISTS 1 FREELIST GROUPS 1 BUFFER_POOL DEFAULT FLASH_CACHE DEFAULT CELL_FLASH_CACHE DEFAULT)
  TABLESPACE "SYSTEM" ;
--------------------------------------------------------
--  DDL for Index PK_TABLE3
--------------------------------------------------------

  CREATE UNIQUE INDEX "PTJ94"."PK_TABLE3" ON "PTJ94"."TABLE3" ("P_NO") 
  PCTFREE 10 INITRANS 2 MAXTRANS 255 COMPUTE STATISTICS 
  STORAGE(INITIAL 65536 NEXT 1048576 MINEXTENTS 1 MAXEXTENTS 2147483645
  PCTINCREASE 0 FREELISTS 1 FREELIST GROUPS 1 BUFFER_POOL DEFAULT FLASH_CACHE DEFAULT CELL_FLASH_CACHE DEFAULT)
  TABLESPACE "SYSTEM" ;
--------------------------------------------------------
--  DDL for Index PK_REMAIN
--------------------------------------------------------

  CREATE UNIQUE INDEX "PTJ94"."PK_REMAIN" ON "PTJ94"."REMAIN" ("REMAIN_YEAR", "PROD_ID") 
  PCTFREE 10 INITRANS 2 MAXTRANS 255 COMPUTE STATISTICS 
  STORAGE(INITIAL 65536 NEXT 1048576 MINEXTENTS 1 MAXEXTENTS 2147483645
  PCTINCREASE 0 FREELISTS 1 FREELIST GROUPS 1 BUFFER_POOL DEFAULT FLASH_CACHE DEFAULT CELL_FLASH_CACHE DEFAULT)
  TABLESPACE "SYSTEM" ;
--------------------------------------------------------
--  DDL for Index PK_TB_COMMENT
--------------------------------------------------------

  CREATE UNIQUE INDEX "PTJ94"."PK_TB_COMMENT" ON "PTJ94"."TB_COMMENT" ("M_CNO") 
  PCTFREE 10 INITRANS 2 MAXTRANS 255 COMPUTE STATISTICS 
  STORAGE(INITIAL 65536 NEXT 1048576 MINEXTENTS 1 MAXEXTENTS 2147483645
  PCTINCREASE 0 FREELISTS 1 FREELIST GROUPS 1 BUFFER_POOL DEFAULT FLASH_CACHE DEFAULT CELL_FLASH_CACHE DEFAULT)
  TABLESPACE "SYSTEM" ;
--------------------------------------------------------
--  DDL for Index PK_MEM_ID
--------------------------------------------------------

  CREATE UNIQUE INDEX "PTJ94"."PK_MEM_ID" ON "PTJ94"."MEMBER" ("MEM_ID") 
  PCTFREE 10 INITRANS 2 MAXTRANS 255 COMPUTE STATISTICS 
  STORAGE(INITIAL 65536 NEXT 1048576 MINEXTENTS 1 MAXEXTENTS 2147483645
  PCTINCREASE 0 FREELISTS 1 FREELIST GROUPS 1 BUFFER_POOL DEFAULT FLASH_CACHE DEFAULT CELL_FLASH_CACHE DEFAULT)
  TABLESPACE "SYSTEM" ;
--------------------------------------------------------
--  DDL for Index PK_TB_COUPON
--------------------------------------------------------

  CREATE UNIQUE INDEX "PTJ94"."PK_TB_COUPON" ON "PTJ94"."TB_COUPON" ("COU_NO") 
  PCTFREE 10 INITRANS 2 MAXTRANS 255 COMPUTE STATISTICS 
  STORAGE(INITIAL 65536 NEXT 1048576 MINEXTENTS 1 MAXEXTENTS 2147483645
  PCTINCREASE 0 FREELISTS 1 FREELIST GROUPS 1 BUFFER_POOL DEFAULT FLASH_CACHE DEFAULT CELL_FLASH_CACHE DEFAULT)
  TABLESPACE "SYSTEM" ;
--------------------------------------------------------
--  DDL for Index PK_TB_FEEL
--------------------------------------------------------

  CREATE UNIQUE INDEX "PTJ94"."PK_TB_FEEL" ON "PTJ94"."TB_FEEL" ("F_NO") 
  PCTFREE 10 INITRANS 2 MAXTRANS 255 COMPUTE STATISTICS 
  STORAGE(INITIAL 65536 NEXT 1048576 MINEXTENTS 1 MAXEXTENTS 2147483645
  PCTINCREASE 0 FREELISTS 1 FREELIST GROUPS 1 BUFFER_POOL DEFAULT FLASH_CACHE DEFAULT CELL_FLASH_CACHE DEFAULT)
  TABLESPACE "SYSTEM" ;
--------------------------------------------------------
--  DDL for Trigger TG_CART_CHANGE
--------------------------------------------------------

  CREATE OR REPLACE TRIGGER "PTJ94"."TG_CART_CHANGE" 
   AFTER INSERT OR UPDATE OR DELETE ON CART --INSERT or UPDATE or DELECT이벤트가 실행된 다음!
   FOR EACH ROW
  DECLARE
    V_QTY NUMBER := 0; --재고를 변경할 수량
    V_PID PROD.PROD_ID%TYPE;
    V_MILE NUMBER :=0;
    V_DATE DATE;
    V_MID MEMBER.MEM_ID%TYPE;
  BEGIN
    IF INSERTING THEN --신규판매자료
      V_QTY := :NEW.CART_QTY;
      V_PID := :NEW.CART_PROD;
      V_DATE := TO_DATE(SUBSTR(:NEW.CART_NO,1,8));
      V_MID := :NEW.CART_MEMBER;
      SELECT V_QTY * PROD_MILEAGE INTO V_MILE
        FROM PROD
       WHERE PROD_ID = V_PID;
    ELSIF UPDATING THEN --판매수량변경
      V_QTY := :NEW.CART_QTY - :OLD.CART_QTY;
      V_PID := :NEW.CART_PROD;
      V_DATE := TO_DATE(SUBSTR(:NEW.CART_NO,1,8));
      V_MID := :NEW.CART_MEMBER;
      SELECT V_QTY * PROD_MILEAGE INTO V_MILE
        FROM PROD
       WHERE PROD_ID = V_PID;
    ELSIF DELETING THEN --판매취소
      V_QTY := -(:OLD.CART_QTY);
      V_PID := :OLD.CART_PROD;
      V_DATE := TO_DATE(SUBSTR(:OLD.CART_NO,1,8));
      V_MID := :OLD.CART_MEMBER;
      SELECT V_QTY * PROD_MILEAGE INTO V_MILE
        FROM PROD
       WHERE PROD_ID = V_PID;
    END IF;
     UPDATE MEMBER 
         SET MEM_MILEAGE = MEM_MILEAGE + V_MILE
         WHERE MEM_ID = V_MID;   


        UPDATE REMAIN
        SET REMAIN_O = REMAIN_O +V_QTY,  
                 REMAIN_J_99 = REMAIN_J_99 - V_QTY, --현재 재고 - V_QTY
                 REMAIN_DATE = V_DATE
        WHERE PROD_ID = V_PID
        AND REMAIN_YEAR = EXTRACT(YEAR FROM V_DATE);

    END;    

/
ALTER TRIGGER "PTJ94"."TG_CART_CHANGE" ENABLE;
--------------------------------------------------------
--  DDL for Trigger TG_DELUPDATE_CUST
--------------------------------------------------------

  CREATE OR REPLACE TRIGGER "PTJ94"."TG_DELUPDATE_CUST" 
     AFTER UPDATE OR DELETE ON CUSTOMER 
     BEGIN
     IF UPDATING THEN
        DBMS_OUTPUT.PUT_LINE('자료가 수정되었음');
     ELSIF DELETING THEN
           DBMS_OUTPUT.PUT_LINE('자료가 삭제되었음');
     END IF;
     END;
/
ALTER TRIGGER "PTJ94"."TG_DELUPDATE_CUST" ENABLE;
--------------------------------------------------------
--  DDL for Trigger TG_DEL_LPROD
--------------------------------------------------------

  CREATE OR REPLACE TRIGGER "PTJ94"."TG_DEL_LPROD" 
    AFTER DELETE ON LPROD
   
    BEGIN
     DBMS_OUTPUT.PUT_LINE('분류코드가 삭제되었습니다');
   END;
/
ALTER TRIGGER "PTJ94"."TG_DEL_LPROD" ENABLE;
--------------------------------------------------------
--  DDL for Procedure PROC_CARTNO_CREATE
--------------------------------------------------------
set define off;

  CREATE OR REPLACE PROCEDURE "PTJ94"."PROC_CARTNO_CREATE" (
        P_DATE IN DATE,  --IN을 쓰면 입력용
        P_CNUM OUT NUMBER)--OUT을 쓰면 출력용
        IS
         V_NUM NUMBER := 0;
         V_CNO CHAR(9):= TO_CHAR(P_DATE,'YYYYMMDD')||'%';
        BEGIN
        SELECT MAX(TO_NUMBER(SUBSTR(CART_NO,9)))+1
                INTO V_NUM
                FROM CART
                WHERE CART_NO LIKE V_CNO;
        P_CNUM := V_NUM;   
        END;

/
--------------------------------------------------------
--  DDL for Procedure PROC_MEM01
--------------------------------------------------------
set define off;

  CREATE OR REPLACE PROCEDURE "PTJ94"."PROC_MEM01" (
       P_PERIOD IN VARCHAR2,
       P_MID OUT MEMBER.MEM_ID%TYPE,
       P_NAME OUT MEMBER.MEM_NAME%TYPE,
       P_ADDR OUT VARCHAR2,
       P_MILE OUT MEMBER.MEM_MILEAGE%TYPE)
       IS
       V_PERIOD VARCHAR2(7) := P_PERIOD||'%';
       BEGIN
        SELECT TBL.AID INTO P_MID
          FROM (SELECT A.CART_MEMBER AS AID,
                SUM(A.CART_QTY*B.PROD_PRICE)
                FROM CART A, PROD B
                WHERE CART_NO LIKE V_PERIOD
                  AND A.CART_PROD = B.PROD_ID
                  GROUP BY A.CART_MEMBER
                  ORDER BY 2 DESC) TBL
        WHERE ROWNUM =1;

        SELECT MEM_NAME, MEM_ADD1||' '||MEM_ADD2,MEM_MILEAGE
        INTO P_NAME, P_ADDR,P_MILE
        FROM MEMBER
        WHERE MEM_ID = P_MID;
        END;

/
--------------------------------------------------------
--  DDL for Procedure PROC_REMAIN01
--------------------------------------------------------
set define off;

  CREATE OR REPLACE PROCEDURE "PTJ94"."PROC_REMAIN01" (
       P_PERIOD IN VARCHAR2)
       IS 
       V_SDATE DATE :=TO_DATE(P_PERIOD||'01');
       V_EDATE DATE :=LAST_DAY(V_SDATE);
       V_QTY NUMBER :=0;
       CURSOR CUR_BUY02
       IS
         SELECT  BUY_PROD AS BID,
                SUM(BUY_QTY) AS BAMT
           FROM BUYPROD
           WHERE BUY_DATE BETWEEN V_SDATE AND V_EDATE
           GROUP BY BUY_PROD;
    BEGIN 
        FOR REC IN CUR_BUY02 LOOP
          UPDATE REMAIN 
             SET REMAIN_I=REMAIN_I + REC.BAMT,
              REMAIN_J_99= REMAIN_J_99 +REC.BAMT,
              REMAIN_DATE = V_EDATE
              WHERE REMAIN_YEAR = SUBSTR(P_PERIOD,1,4)
                    AND PROD_ID = REC.BID;
                COMMIT;
        END LOOP;
    END;

/
--------------------------------------------------------
--  DDL for Function FN_AMT_BUYQTY
--------------------------------------------------------

  CREATE OR REPLACE FUNCTION "PTJ94"."FN_AMT_BUYQTY" (
        P_YEAR CHAR, P_PID PROD.PROD_ID%TYPE)
         RETURN NUMBER
         IS
         V_SQTY NUMBER :=0;

         BEGIN
         SELECT SUM(BUY_QTY) INTO V_SQTY
         FROM BUYPROD
         WHERE EXTRACT(YEAR FROM BUY_DATE)= P_YEAR
               AND BUY_PROD = P_PID;
        RETURN V_SQTY;
        END;

/
--------------------------------------------------------
--  DDL for Function FN_CREATE_CARTNO
--------------------------------------------------------

  CREATE OR REPLACE FUNCTION "PTJ94"."FN_CREATE_CARTNO" (
      P_DATE DATE)
      RETURN VARCHAR2
    IS
     V_CNO VARCHAR2(20):=TO_CHAR(P_DATE,'YYYYMMDD');
     V_FLAG NUMBER:=0;

    BEGIN
     SELECT COUNT(*) INTO V_FLAG                  --주어진 날짜에 카트노가 없으면 1번 있으면 +1;
        FROM CART
        WHERE SUBSTR(CART_NO,1,8) = V_CNO;

        IF V_FLAG = 0 THEN      --판매자료가 하나도 없다는 뜻
           V_CNO := V_CNO||TRIM('00001');
        ELSE
           SELECT MAX(CART_NO)+1 INTO V_CNO
           FROM CART
           WHERE SUBSTR(CART_NO,1,8) = V_CNO;
        END IF;
        RETURN V_CNO;
    END;

/
--------------------------------------------------------
--  DDL for Function FN_MEM_NAME
--------------------------------------------------------

  CREATE OR REPLACE FUNCTION "PTJ94"."FN_MEM_NAME" (
        P_MID IN MEMBER.MEM_ID%TYPE)
        RETURN MEMBER.MEM_NAME%TYPE
        IS
          V_NAME MEMBER.MEM_NAME%TYPE;
        BEGIN
          SELECT MEM_NAME INTO V_NAME
          FROM MEMBER
          WHERE MEM_ID = P_MID;
          RETURN V_NAME;
        END;

/
--------------------------------------------------------
--  DDL for Function FN_PROD_INFO
--------------------------------------------------------

  CREATE OR REPLACE FUNCTION "PTJ94"."FN_PROD_INFO" (
          P_BID IN BUYER.BUYER_ID%TYPE)
          RETURN VARCHAR2
        IS
          V_RES VARCHAR2(100);
        BEGIN
          SELECT PROD_ID||' '||RPAD(PROD_NAME,20)||
                 LPAD(PROD_COST,8,' ')
        INTO V_RES
        FROM PROD
        WHERE PROD_BUYER =  P_BID
              AND ROWNUM = 1;
        RETURN V_RES;
         EXCEPTION 
          WHEN OTHERS THEN
            DBMS_OUTPUT.PUT_LINE('에러발생'||SQLERRM);
            RETURN NULL;
        END;

/
--------------------------------------------------------
--  DDL for Function FN_SUM_BUYAMT
--------------------------------------------------------

  CREATE OR REPLACE FUNCTION "PTJ94"."FN_SUM_BUYAMT" (
        P_YEAR CHAR, P_PID PROD.PROD_ID%TYPE)
         RETURN NUMBER
         IS
         V_SAMT NUMBER :=0;
         BEGIN
         SELECT SUM(BUY_QTY*BUY_COST) INTO V_SAMT
         FROM BUYPROD
         WHERE EXTRACT(YEAR FROM BUY_DATE)= P_YEAR
             AND BUY_PROD = P_PID;
        RETURN V_SAMT;
        END;

/
--------------------------------------------------------
--  DDL for Function FN_SUM_CART
--------------------------------------------------------

  CREATE OR REPLACE FUNCTION "PTJ94"."FN_SUM_CART" (
      P_PERIOD IN VARCHAR2,
      P_PID PROD.PROD_ID%TYPE)--절대 크기 지정 노
    RETURN NUMBER  --매출금액집계니까
    AS 
    V_PERIOD CHAR(7) := P_PERIOD||' '||'%';
    V_SUM NUMBER :=0; --제품별 매출금액집계
    BEGIN
    SELECT SUM(A.CART_QTY*B.PROD_PRICE) INTO V_SUM
       FROM CART A , PROD B
    WHERE A.CART_PROD = P_PID --넘겨받은 제품코드와 같아야해
      AND A.CART_PROD = B.PROD_ID --조인
      AND A.CART_NO LIKE V_PERIOD;
    RETURN V_SUM;

    EXCEPTION WHEN OTHERS THEN  --예외 발생되면
    DBMS_OUTPUT.PUT_LINE('예외발생:'||SQLERRM);
    RETURN NULL;
    END;

/
--------------------------------------------------------
--  DDL for Synonymn MYDUAL
--------------------------------------------------------

  CREATE OR REPLACE SYNONYM "PTJ94"."MYDUAL" FOR "SYS"."DUAL";
--------------------------------------------------------
--  Constraints for Table TB_MEMBER
--------------------------------------------------------

  ALTER TABLE "PTJ94"."TB_MEMBER" ADD CONSTRAINT "PK_TB_MEMBER" PRIMARY KEY ("ID")
  USING INDEX PCTFREE 10 INITRANS 2 MAXTRANS 255 COMPUTE STATISTICS 
  STORAGE(INITIAL 65536 NEXT 1048576 MINEXTENTS 1 MAXEXTENTS 2147483645
  PCTINCREASE 0 FREELISTS 1 FREELIST GROUPS 1 BUFFER_POOL DEFAULT FLASH_CACHE DEFAULT CELL_FLASH_CACHE DEFAULT)
  TABLESPACE "SYSTEM"  ENABLE;
  ALTER TABLE "PTJ94"."TB_MEMBER" MODIFY ("PWD" NOT NULL ENABLE);
  ALTER TABLE "PTJ94"."TB_MEMBER" MODIFY ("ID" NOT NULL ENABLE);
--------------------------------------------------------
--  Constraints for Table DEPT
--------------------------------------------------------

  ALTER TABLE "PTJ94"."DEPT" ADD CONSTRAINT "PK_DEPT" PRIMARY KEY ("DEPT_ID")
  USING INDEX PCTFREE 10 INITRANS 2 MAXTRANS 255 COMPUTE STATISTICS 
  STORAGE(INITIAL 65536 NEXT 1048576 MINEXTENTS 1 MAXEXTENTS 2147483645
  PCTINCREASE 0 FREELISTS 1 FREELIST GROUPS 1 BUFFER_POOL DEFAULT FLASH_CACHE DEFAULT CELL_FLASH_CACHE DEFAULT)
  TABLESPACE "SYSTEM"  ENABLE;
  ALTER TABLE "PTJ94"."DEPT" MODIFY ("DEPT_NAME" NOT NULL ENABLE);
  ALTER TABLE "PTJ94"."DEPT" MODIFY ("DEPT_ID" NOT NULL ENABLE);
--------------------------------------------------------
--  Constraints for Table TB_QUESTION
--------------------------------------------------------

  ALTER TABLE "PTJ94"."TB_QUESTION" ADD CONSTRAINT "PK_TB_QUESTION" PRIMARY KEY ("Q_NO")
  USING INDEX PCTFREE 10 INITRANS 2 MAXTRANS 255 COMPUTE STATISTICS 
  STORAGE(INITIAL 65536 NEXT 1048576 MINEXTENTS 1 MAXEXTENTS 2147483645
  PCTINCREASE 0 FREELISTS 1 FREELIST GROUPS 1 BUFFER_POOL DEFAULT FLASH_CACHE DEFAULT CELL_FLASH_CACHE DEFAULT)
  TABLESPACE "SYSTEM"  ENABLE;
  ALTER TABLE "PTJ94"."TB_QUESTION" MODIFY ("Q_NO" NOT NULL ENABLE);
--------------------------------------------------------
--  Constraints for Table MEMBER
--------------------------------------------------------

  ALTER TABLE "PTJ94"."MEMBER" ADD CONSTRAINT "PK_MEM_ID" PRIMARY KEY ("MEM_ID")
  USING INDEX PCTFREE 10 INITRANS 2 MAXTRANS 255 COMPUTE STATISTICS 
  STORAGE(INITIAL 65536 NEXT 1048576 MINEXTENTS 1 MAXEXTENTS 2147483645
  PCTINCREASE 0 FREELISTS 1 FREELIST GROUPS 1 BUFFER_POOL DEFAULT FLASH_CACHE DEFAULT CELL_FLASH_CACHE DEFAULT)
  TABLESPACE "SYSTEM"  ENABLE;
  ALTER TABLE "PTJ94"."MEMBER" MODIFY ("MEM_MAIL" NOT NULL ENABLE);
  ALTER TABLE "PTJ94"."MEMBER" MODIFY ("MEM_COMTEL" NOT NULL ENABLE);
  ALTER TABLE "PTJ94"."MEMBER" MODIFY ("MEM_HOMETEL" NOT NULL ENABLE);
  ALTER TABLE "PTJ94"."MEMBER" MODIFY ("MEM_ADD2" NOT NULL ENABLE);
  ALTER TABLE "PTJ94"."MEMBER" MODIFY ("MEM_ADD1" NOT NULL ENABLE);
  ALTER TABLE "PTJ94"."MEMBER" MODIFY ("MEM_ZIP" NOT NULL ENABLE);
  ALTER TABLE "PTJ94"."MEMBER" MODIFY ("MEM_REGNO2" NOT NULL ENABLE);
  ALTER TABLE "PTJ94"."MEMBER" MODIFY ("MEM_REGNO1" NOT NULL ENABLE);
  ALTER TABLE "PTJ94"."MEMBER" MODIFY ("MEM_NAME" NOT NULL ENABLE);
  ALTER TABLE "PTJ94"."MEMBER" MODIFY ("MEM_PASS" NOT NULL ENABLE);
  ALTER TABLE "PTJ94"."MEMBER" MODIFY ("MEM_ID" NOT NULL ENABLE);
--------------------------------------------------------
--  Constraints for Table TB_COMMENT
--------------------------------------------------------

  ALTER TABLE "PTJ94"."TB_COMMENT" ADD CONSTRAINT "PK_TB_COMMENT" PRIMARY KEY ("M_CNO")
  USING INDEX PCTFREE 10 INITRANS 2 MAXTRANS 255 COMPUTE STATISTICS 
  STORAGE(INITIAL 65536 NEXT 1048576 MINEXTENTS 1 MAXEXTENTS 2147483645
  PCTINCREASE 0 FREELISTS 1 FREELIST GROUPS 1 BUFFER_POOL DEFAULT FLASH_CACHE DEFAULT CELL_FLASH_CACHE DEFAULT)
  TABLESPACE "SYSTEM"  ENABLE;
  ALTER TABLE "PTJ94"."TB_COMMENT" MODIFY ("ID" NOT NULL ENABLE);
  ALTER TABLE "PTJ94"."TB_COMMENT" MODIFY ("M_NO" NOT NULL ENABLE);
  ALTER TABLE "PTJ94"."TB_COMMENT" MODIFY ("M_CNO" NOT NULL ENABLE);
--------------------------------------------------------
--  Constraints for Table PROD
--------------------------------------------------------

  ALTER TABLE "PTJ94"."PROD" ADD CONSTRAINT "PK_PROD_ID" PRIMARY KEY ("PROD_ID")
  USING INDEX PCTFREE 10 INITRANS 2 MAXTRANS 255 COMPUTE STATISTICS 
  STORAGE(INITIAL 65536 NEXT 1048576 MINEXTENTS 1 MAXEXTENTS 2147483645
  PCTINCREASE 0 FREELISTS 1 FREELIST GROUPS 1 BUFFER_POOL DEFAULT FLASH_CACHE DEFAULT CELL_FLASH_CACHE DEFAULT)
  TABLESPACE "SYSTEM"  ENABLE;
  ALTER TABLE "PTJ94"."PROD" MODIFY ("PROD_PROPERSTOCK" NOT NULL ENABLE);
  ALTER TABLE "PTJ94"."PROD" MODIFY ("PROD_TOTALSTOCK" NOT NULL ENABLE);
  ALTER TABLE "PTJ94"."PROD" MODIFY ("PROD_IMG" NOT NULL ENABLE);
  ALTER TABLE "PTJ94"."PROD" MODIFY ("PROD_OUTLINE" NOT NULL ENABLE);
  ALTER TABLE "PTJ94"."PROD" MODIFY ("PROD_SALE" NOT NULL ENABLE);
  ALTER TABLE "PTJ94"."PROD" MODIFY ("PROD_PRICE" NOT NULL ENABLE);
  ALTER TABLE "PTJ94"."PROD" MODIFY ("PROD_COST" NOT NULL ENABLE);
  ALTER TABLE "PTJ94"."PROD" MODIFY ("PROD_BUYER" NOT NULL ENABLE);
  ALTER TABLE "PTJ94"."PROD" MODIFY ("PROD_LGU" NOT NULL ENABLE);
  ALTER TABLE "PTJ94"."PROD" MODIFY ("PROD_NAME" NOT NULL ENABLE);
  ALTER TABLE "PTJ94"."PROD" MODIFY ("PROD_ID" NOT NULL ENABLE);
--------------------------------------------------------
--  Constraints for Table TB_MEMBER_M
--------------------------------------------------------

  ALTER TABLE "PTJ94"."TB_MEMBER_M" MODIFY ("MEM_SUB" NOT NULL ENABLE);
  ALTER TABLE "PTJ94"."TB_MEMBER_M" MODIFY ("MEM_AGE" NOT NULL ENABLE);
  ALTER TABLE "PTJ94"."TB_MEMBER_M" MODIFY ("MEM_BIRD" NOT NULL ENABLE);
  ALTER TABLE "PTJ94"."TB_MEMBER_M" MODIFY ("MEM_JOIND" NOT NULL ENABLE);
  ALTER TABLE "PTJ94"."TB_MEMBER_M" MODIFY ("MEM_MAIL" NOT NULL ENABLE);
  ALTER TABLE "PTJ94"."TB_MEMBER_M" MODIFY ("MEM_PW" NOT NULL ENABLE);
  ALTER TABLE "PTJ94"."TB_MEMBER_M" MODIFY ("MEM_ID" NOT NULL ENABLE);
  ALTER TABLE "PTJ94"."TB_MEMBER_M" MODIFY ("MEM_NAME" NOT NULL ENABLE);
--------------------------------------------------------
--  Constraints for Table SAL_GRADE
--------------------------------------------------------

  ALTER TABLE "PTJ94"."SAL_GRADE" ADD PRIMARY KEY ("GRADE")
  USING INDEX PCTFREE 10 INITRANS 2 MAXTRANS 255 COMPUTE STATISTICS 
  STORAGE(INITIAL 65536 NEXT 1048576 MINEXTENTS 1 MAXEXTENTS 2147483645
  PCTINCREASE 0 FREELISTS 1 FREELIST GROUPS 1 BUFFER_POOL DEFAULT FLASH_CACHE DEFAULT CELL_FLASH_CACHE DEFAULT)
  TABLESPACE "SYSTEM"  ENABLE;
--------------------------------------------------------
--  Constraints for Table TB_NOTICE_M
--------------------------------------------------------

  ALTER TABLE "PTJ94"."TB_NOTICE_M" MODIFY ("NO_DATE" NOT NULL ENABLE);
  ALTER TABLE "PTJ94"."TB_NOTICE_M" MODIFY ("NO_WRITER" NOT NULL ENABLE);
  ALTER TABLE "PTJ94"."TB_NOTICE_M" MODIFY ("NO_TITLE" NOT NULL ENABLE);
  ALTER TABLE "PTJ94"."TB_NOTICE_M" MODIFY ("NO_NUM" NOT NULL ENABLE);
--------------------------------------------------------
--  Constraints for Table TB_LIST
--------------------------------------------------------

  ALTER TABLE "PTJ94"."TB_LIST" ADD CONSTRAINT "PK_TB_LIST" PRIMARY KEY ("ID", "M_NO")
  USING INDEX PCTFREE 10 INITRANS 2 MAXTRANS 255 COMPUTE STATISTICS 
  STORAGE(INITIAL 65536 NEXT 1048576 MINEXTENTS 1 MAXEXTENTS 2147483645
  PCTINCREASE 0 FREELISTS 1 FREELIST GROUPS 1 BUFFER_POOL DEFAULT FLASH_CACHE DEFAULT CELL_FLASH_CACHE DEFAULT)
  TABLESPACE "SYSTEM"  ENABLE;
  ALTER TABLE "PTJ94"."TB_LIST" MODIFY ("M_NO" NOT NULL ENABLE);
  ALTER TABLE "PTJ94"."TB_LIST" MODIFY ("ID" NOT NULL ENABLE);
--------------------------------------------------------
--  Constraints for Table GOODS
--------------------------------------------------------

  ALTER TABLE "PTJ94"."GOODS" MODIFY ("PROD_PRICE" NOT NULL ENABLE);
  ALTER TABLE "PTJ94"."GOODS" MODIFY ("PROD_LGU" NOT NULL ENABLE);
  ALTER TABLE "PTJ94"."GOODS" MODIFY ("PROD_NAME" NOT NULL ENABLE);
  ALTER TABLE "PTJ94"."GOODS" MODIFY ("PROD_ID" NOT NULL ENABLE);
--------------------------------------------------------
--  Constraints for Table REMAIN
--------------------------------------------------------

  ALTER TABLE "PTJ94"."REMAIN" ADD CONSTRAINT "PK_REMAIN" PRIMARY KEY ("REMAIN_YEAR", "PROD_ID")
  USING INDEX PCTFREE 10 INITRANS 2 MAXTRANS 255 COMPUTE STATISTICS 
  STORAGE(INITIAL 65536 NEXT 1048576 MINEXTENTS 1 MAXEXTENTS 2147483645
  PCTINCREASE 0 FREELISTS 1 FREELIST GROUPS 1 BUFFER_POOL DEFAULT FLASH_CACHE DEFAULT CELL_FLASH_CACHE DEFAULT)
  TABLESPACE "SYSTEM"  ENABLE;
--------------------------------------------------------
--  Constraints for Table MYMEMBER
--------------------------------------------------------

  ALTER TABLE "PTJ94"."MYMEMBER" ADD CONSTRAINT "PK_MYMEMBER" PRIMARY KEY ("MEM_ID")
  USING INDEX PCTFREE 10 INITRANS 2 MAXTRANS 255 COMPUTE STATISTICS 
  STORAGE(INITIAL 65536 NEXT 1048576 MINEXTENTS 1 MAXEXTENTS 2147483645
  PCTINCREASE 0 FREELISTS 1 FREELIST GROUPS 1 BUFFER_POOL DEFAULT FLASH_CACHE DEFAULT CELL_FLASH_CACHE DEFAULT)
  TABLESPACE "SYSTEM"  ENABLE;
  ALTER TABLE "PTJ94"."MYMEMBER" MODIFY ("MEM_ADDR" NOT NULL ENABLE);
  ALTER TABLE "PTJ94"."MYMEMBER" MODIFY ("MEM_TEL" NOT NULL ENABLE);
  ALTER TABLE "PTJ94"."MYMEMBER" MODIFY ("MEM_PASS" NOT NULL ENABLE);
  ALTER TABLE "PTJ94"."MYMEMBER" MODIFY ("MEM_NAME" NOT NULL ENABLE);
  ALTER TABLE "PTJ94"."MYMEMBER" MODIFY ("MEM_ID" NOT NULL ENABLE);
--------------------------------------------------------
--  Constraints for Table TB_JDBC_BOARD
--------------------------------------------------------

  ALTER TABLE "PTJ94"."TB_JDBC_BOARD" MODIFY ("BOARD_NO" NOT NULL ENABLE);
--------------------------------------------------------
--  Constraints for Table EMP
--------------------------------------------------------

  ALTER TABLE "PTJ94"."EMP" ADD CONSTRAINT "PK_EMP" PRIMARY KEY ("EMP_ID")
  USING INDEX PCTFREE 10 INITRANS 2 MAXTRANS 255 COMPUTE STATISTICS 
  STORAGE(INITIAL 65536 NEXT 1048576 MINEXTENTS 1 MAXEXTENTS 2147483645
  PCTINCREASE 0 FREELISTS 1 FREELIST GROUPS 1 BUFFER_POOL DEFAULT FLASH_CACHE DEFAULT CELL_FLASH_CACHE DEFAULT)
  TABLESPACE "SYSTEM"  ENABLE;
  ALTER TABLE "PTJ94"."EMP" MODIFY ("EMP_NAME" NOT NULL ENABLE);
  ALTER TABLE "PTJ94"."EMP" MODIFY ("EMP_ID" NOT NULL ENABLE);
--------------------------------------------------------
--  Constraints for Table TB_JDBC_MEMBER
--------------------------------------------------------

  ALTER TABLE "PTJ94"."TB_JDBC_MEMBER" ADD CONSTRAINT "TB_JDBC_MEMBER_PK" PRIMARY KEY ("MEM_ID")
  USING INDEX PCTFREE 10 INITRANS 2 MAXTRANS 255 COMPUTE STATISTICS 
  STORAGE(INITIAL 65536 NEXT 1048576 MINEXTENTS 1 MAXEXTENTS 2147483645
  PCTINCREASE 0 FREELISTS 1 FREELIST GROUPS 1 BUFFER_POOL DEFAULT FLASH_CACHE DEFAULT CELL_FLASH_CACHE DEFAULT)
  TABLESPACE "SYSTEM"  ENABLE;
  ALTER TABLE "PTJ94"."TB_JDBC_MEMBER" MODIFY ("MEM_ID" NOT NULL ENABLE);
--------------------------------------------------------
--  Constraints for Table TABLE3
--------------------------------------------------------

  ALTER TABLE "PTJ94"."TABLE3" ADD CONSTRAINT "PK_TABLE3" PRIMARY KEY ("P_NO")
  USING INDEX PCTFREE 10 INITRANS 2 MAXTRANS 255 COMPUTE STATISTICS 
  STORAGE(INITIAL 65536 NEXT 1048576 MINEXTENTS 1 MAXEXTENTS 2147483645
  PCTINCREASE 0 FREELISTS 1 FREELIST GROUPS 1 BUFFER_POOL DEFAULT FLASH_CACHE DEFAULT CELL_FLASH_CACHE DEFAULT)
  TABLESPACE "SYSTEM"  ENABLE;
  ALTER TABLE "PTJ94"."TABLE3" MODIFY ("P_NO" NOT NULL ENABLE);
--------------------------------------------------------
--  Constraints for Table ZIPTB
--------------------------------------------------------

  ALTER TABLE "PTJ94"."ZIPTB" ADD CONSTRAINT "PK_ZIPTB" PRIMARY KEY ("SEQ")
  USING INDEX PCTFREE 10 INITRANS 2 MAXTRANS 255 COMPUTE STATISTICS 
  STORAGE(INITIAL 65536 NEXT 1048576 MINEXTENTS 1 MAXEXTENTS 2147483645
  PCTINCREASE 0 FREELISTS 1 FREELIST GROUPS 1 BUFFER_POOL DEFAULT FLASH_CACHE DEFAULT CELL_FLASH_CACHE DEFAULT)
  TABLESPACE "SYSTEM"  ENABLE;
  ALTER TABLE "PTJ94"."ZIPTB" MODIFY ("SEQ" NOT NULL ENABLE);
  ALTER TABLE "PTJ94"."ZIPTB" MODIFY ("SIDO" NOT NULL ENABLE);
  ALTER TABLE "PTJ94"."ZIPTB" MODIFY ("ZIPCODE" NOT NULL ENABLE);
--------------------------------------------------------
--  Constraints for Table BUYPROD
--------------------------------------------------------

  ALTER TABLE "PTJ94"."BUYPROD" ADD CONSTRAINT "PK_BUYPROD" PRIMARY KEY ("BUY_DATE", "BUY_PROD")
  USING INDEX PCTFREE 10 INITRANS 2 MAXTRANS 255 COMPUTE STATISTICS 
  STORAGE(INITIAL 65536 NEXT 1048576 MINEXTENTS 1 MAXEXTENTS 2147483645
  PCTINCREASE 0 FREELISTS 1 FREELIST GROUPS 1 BUFFER_POOL DEFAULT FLASH_CACHE DEFAULT CELL_FLASH_CACHE DEFAULT)
  TABLESPACE "SYSTEM"  ENABLE;
  ALTER TABLE "PTJ94"."BUYPROD" MODIFY ("BUY_COST" NOT NULL ENABLE);
  ALTER TABLE "PTJ94"."BUYPROD" MODIFY ("BUY_QTY" NOT NULL ENABLE);
  ALTER TABLE "PTJ94"."BUYPROD" MODIFY ("BUY_PROD" NOT NULL ENABLE);
  ALTER TABLE "PTJ94"."BUYPROD" MODIFY ("BUY_DATE" NOT NULL ENABLE);
--------------------------------------------------------
--  Constraints for Table TB_ANSWER
--------------------------------------------------------

  ALTER TABLE "PTJ94"."TB_ANSWER" ADD CONSTRAINT "PK_TB_ANSWER" PRIMARY KEY ("Q_NO")
  USING INDEX PCTFREE 10 INITRANS 2 MAXTRANS 255 COMPUTE STATISTICS 
  STORAGE(INITIAL 65536 NEXT 1048576 MINEXTENTS 1 MAXEXTENTS 2147483645
  PCTINCREASE 0 FREELISTS 1 FREELIST GROUPS 1 BUFFER_POOL DEFAULT FLASH_CACHE DEFAULT CELL_FLASH_CACHE DEFAULT)
  TABLESPACE "SYSTEM"  ENABLE;
  ALTER TABLE "PTJ94"."TB_ANSWER" MODIFY ("Q_NO" NOT NULL ENABLE);
--------------------------------------------------------
--  Constraints for Table TB_GENRE
--------------------------------------------------------

  ALTER TABLE "PTJ94"."TB_GENRE" ADD CONSTRAINT "PK_TB_GENRE" PRIMARY KEY ("G_CO")
  USING INDEX PCTFREE 10 INITRANS 2 MAXTRANS 255 COMPUTE STATISTICS 
  STORAGE(INITIAL 65536 NEXT 1048576 MINEXTENTS 1 MAXEXTENTS 2147483645
  PCTINCREASE 0 FREELISTS 1 FREELIST GROUPS 1 BUFFER_POOL DEFAULT FLASH_CACHE DEFAULT CELL_FLASH_CACHE DEFAULT)
  TABLESPACE "SYSTEM"  ENABLE;
  ALTER TABLE "PTJ94"."TB_GENRE" MODIFY ("G_CO" NOT NULL ENABLE);
--------------------------------------------------------
--  Constraints for Table BANKINFO
--------------------------------------------------------

  ALTER TABLE "PTJ94"."BANKINFO" ADD CONSTRAINT "PK_BANKINFO" PRIMARY KEY ("BANK_NO")
  USING INDEX PCTFREE 10 INITRANS 2 MAXTRANS 255 COMPUTE STATISTICS 
  STORAGE(INITIAL 65536 NEXT 1048576 MINEXTENTS 1 MAXEXTENTS 2147483645
  PCTINCREASE 0 FREELISTS 1 FREELIST GROUPS 1 BUFFER_POOL DEFAULT FLASH_CACHE DEFAULT CELL_FLASH_CACHE DEFAULT)
  TABLESPACE "SYSTEM"  ENABLE;
  ALTER TABLE "PTJ94"."BANKINFO" MODIFY ("BANK_DATE" NOT NULL ENABLE);
  ALTER TABLE "PTJ94"."BANKINFO" MODIFY ("BANK_USER_NAME" NOT NULL ENABLE);
  ALTER TABLE "PTJ94"."BANKINFO" MODIFY ("BANK_NAME" NOT NULL ENABLE);
  ALTER TABLE "PTJ94"."BANKINFO" MODIFY ("BANK_NO" NOT NULL ENABLE);
--------------------------------------------------------
--  Constraints for Table LPROD
--------------------------------------------------------

  ALTER TABLE "PTJ94"."LPROD" ADD CONSTRAINT "PK_LPROD" PRIMARY KEY ("LPROD_GU")
  USING INDEX PCTFREE 10 INITRANS 2 MAXTRANS 255 COMPUTE STATISTICS 
  STORAGE(INITIAL 65536 NEXT 1048576 MINEXTENTS 1 MAXEXTENTS 2147483645
  PCTINCREASE 0 FREELISTS 1 FREELIST GROUPS 1 BUFFER_POOL DEFAULT FLASH_CACHE DEFAULT CELL_FLASH_CACHE DEFAULT)
  TABLESPACE "SYSTEM"  ENABLE;
  ALTER TABLE "PTJ94"."LPROD" MODIFY ("LPROD_NM" NOT NULL ENABLE);
  ALTER TABLE "PTJ94"."LPROD" MODIFY ("LPROD_GU" NOT NULL ENABLE);
  ALTER TABLE "PTJ94"."LPROD" MODIFY ("LPROD_ID" NOT NULL ENABLE);
--------------------------------------------------------
--  Constraints for Table TB_FEEL
--------------------------------------------------------

  ALTER TABLE "PTJ94"."TB_FEEL" ADD CONSTRAINT "PK_TB_FEEL" PRIMARY KEY ("F_NO")
  USING INDEX PCTFREE 10 INITRANS 2 MAXTRANS 255 COMPUTE STATISTICS 
  STORAGE(INITIAL 65536 NEXT 1048576 MINEXTENTS 1 MAXEXTENTS 2147483645
  PCTINCREASE 0 FREELISTS 1 FREELIST GROUPS 1 BUFFER_POOL DEFAULT FLASH_CACHE DEFAULT CELL_FLASH_CACHE DEFAULT)
  TABLESPACE "SYSTEM"  ENABLE;
  ALTER TABLE "PTJ94"."TB_FEEL" MODIFY ("F_NO" NOT NULL ENABLE);
--------------------------------------------------------
--  Constraints for Table TB_BOARD
--------------------------------------------------------

  ALTER TABLE "PTJ94"."TB_BOARD" ADD CONSTRAINT "PK_TB_BOARD" PRIMARY KEY ("ARTICLENO")
  USING INDEX PCTFREE 10 INITRANS 2 MAXTRANS 255 COMPUTE STATISTICS 
  STORAGE(INITIAL 65536 NEXT 1048576 MINEXTENTS 1 MAXEXTENTS 2147483645
  PCTINCREASE 0 FREELISTS 1 FREELIST GROUPS 1 BUFFER_POOL DEFAULT FLASH_CACHE DEFAULT CELL_FLASH_CACHE DEFAULT)
  TABLESPACE "SYSTEM"  ENABLE;
  ALTER TABLE "PTJ94"."TB_BOARD" MODIFY ("TITLE" NOT NULL ENABLE);
  ALTER TABLE "PTJ94"."TB_BOARD" MODIFY ("ARTICLENO" NOT NULL ENABLE);
--------------------------------------------------------
--  Constraints for Table TB_CARDINFO
--------------------------------------------------------

  ALTER TABLE "PTJ94"."TB_CARDINFO" ADD CONSTRAINT "PK_TB_CARDINFO" PRIMARY KEY ("ID")
  USING INDEX PCTFREE 10 INITRANS 2 MAXTRANS 255 COMPUTE STATISTICS 
  STORAGE(INITIAL 65536 NEXT 1048576 MINEXTENTS 1 MAXEXTENTS 2147483645
  PCTINCREASE 0 FREELISTS 1 FREELIST GROUPS 1 BUFFER_POOL DEFAULT FLASH_CACHE DEFAULT CELL_FLASH_CACHE DEFAULT)
  TABLESPACE "SYSTEM"  ENABLE;
  ALTER TABLE "PTJ94"."TB_CARDINFO" MODIFY ("ID" NOT NULL ENABLE);
--------------------------------------------------------
--  Constraints for Table BUYER
--------------------------------------------------------

  ALTER TABLE "PTJ94"."BUYER" ADD CONSTRAINT "PK_BUYER" PRIMARY KEY ("BUYER_ID")
  USING INDEX PCTFREE 10 INITRANS 2 MAXTRANS 255 COMPUTE STATISTICS 
  STORAGE(INITIAL 65536 NEXT 1048576 MINEXTENTS 1 MAXEXTENTS 2147483645
  PCTINCREASE 0 FREELISTS 1 FREELIST GROUPS 1 BUFFER_POOL DEFAULT FLASH_CACHE DEFAULT CELL_FLASH_CACHE DEFAULT)
  TABLESPACE "SYSTEM"  ENABLE;
  ALTER TABLE "PTJ94"."BUYER" MODIFY ("BUYER_MAIL" NOT NULL ENABLE);
  ALTER TABLE "PTJ94"."BUYER" MODIFY ("BUYER_FAX" NOT NULL ENABLE);
  ALTER TABLE "PTJ94"."BUYER" MODIFY ("BUYER_COMTEL" NOT NULL ENABLE);
  ALTER TABLE "PTJ94"."BUYER" MODIFY ("BUYER_LGU" NOT NULL ENABLE);
  ALTER TABLE "PTJ94"."BUYER" MODIFY ("BUYER_NAME" NOT NULL ENABLE);
  ALTER TABLE "PTJ94"."BUYER" MODIFY ("BUYER_ID" NOT NULL ENABLE);
--------------------------------------------------------
--  Constraints for Table TB_COUPON
--------------------------------------------------------

  ALTER TABLE "PTJ94"."TB_COUPON" ADD CONSTRAINT "PK_TB_COUPON" PRIMARY KEY ("COU_NO")
  USING INDEX PCTFREE 10 INITRANS 2 MAXTRANS 255 COMPUTE STATISTICS 
  STORAGE(INITIAL 65536 NEXT 1048576 MINEXTENTS 1 MAXEXTENTS 2147483645
  PCTINCREASE 0 FREELISTS 1 FREELIST GROUPS 1 BUFFER_POOL DEFAULT FLASH_CACHE DEFAULT CELL_FLASH_CACHE DEFAULT)
  TABLESPACE "SYSTEM"  ENABLE;
  ALTER TABLE "PTJ94"."TB_COUPON" MODIFY ("COU_NO" NOT NULL ENABLE);
--------------------------------------------------------
--  Constraints for Table CUSTOMER
--------------------------------------------------------

  ALTER TABLE "PTJ94"."CUSTOMER" MODIFY ("MEM_NAME" NOT NULL ENABLE);
  ALTER TABLE "PTJ94"."CUSTOMER" MODIFY ("MEM_ID" NOT NULL ENABLE);
--------------------------------------------------------
--  Constraints for Table CART
--------------------------------------------------------

  ALTER TABLE "PTJ94"."CART" ADD CONSTRAINT "PK_CART" PRIMARY KEY ("CART_NO", "CART_PROD")
  USING INDEX PCTFREE 10 INITRANS 2 MAXTRANS 255 COMPUTE STATISTICS 
  STORAGE(INITIAL 65536 NEXT 1048576 MINEXTENTS 1 MAXEXTENTS 2147483645
  PCTINCREASE 0 FREELISTS 1 FREELIST GROUPS 1 BUFFER_POOL DEFAULT FLASH_CACHE DEFAULT CELL_FLASH_CACHE DEFAULT)
  TABLESPACE "SYSTEM"  ENABLE;
  ALTER TABLE "PTJ94"."CART" MODIFY ("CART_QTY" NOT NULL ENABLE);
  ALTER TABLE "PTJ94"."CART" MODIFY ("CART_PROD" NOT NULL ENABLE);
  ALTER TABLE "PTJ94"."CART" MODIFY ("CART_NO" NOT NULL ENABLE);
  ALTER TABLE "PTJ94"."CART" MODIFY ("CART_MEMBER" NOT NULL ENABLE);
--------------------------------------------------------
--  Ref Constraints for Table BUYER
--------------------------------------------------------

  ALTER TABLE "PTJ94"."BUYER" ADD CONSTRAINT "FR_BUYER_LGU" FOREIGN KEY ("BUYER_LGU")
	  REFERENCES "PTJ94"."LPROD" ("LPROD_GU") ENABLE;
--------------------------------------------------------
--  Ref Constraints for Table BUYPROD
--------------------------------------------------------

  ALTER TABLE "PTJ94"."BUYPROD" ADD CONSTRAINT "FR_BUY_PROD" FOREIGN KEY ("BUY_PROD")
	  REFERENCES "PTJ94"."PROD" ("PROD_ID") ENABLE;
--------------------------------------------------------
--  Ref Constraints for Table CART
--------------------------------------------------------

  ALTER TABLE "PTJ94"."CART" ADD CONSTRAINT "FR_CART_MEMBER" FOREIGN KEY ("CART_MEMBER")
	  REFERENCES "PTJ94"."MEMBER" ("MEM_ID") ENABLE;
  ALTER TABLE "PTJ94"."CART" ADD CONSTRAINT "FR_CART_PROD" FOREIGN KEY ("CART_PROD")
	  REFERENCES "PTJ94"."PROD" ("PROD_ID") ENABLE;
--------------------------------------------------------
--  Ref Constraints for Table EMP
--------------------------------------------------------

  ALTER TABLE "PTJ94"."EMP" ADD CONSTRAINT "FK_DEPT_TO_EMP" FOREIGN KEY ("DEPT_ID")
	  REFERENCES "PTJ94"."DEPT" ("DEPT_ID") ENABLE;
--------------------------------------------------------
--  Ref Constraints for Table PROD
--------------------------------------------------------

  ALTER TABLE "PTJ94"."PROD" ADD CONSTRAINT "FR_PROD_BUYER" FOREIGN KEY ("PROD_BUYER")
	  REFERENCES "PTJ94"."BUYER" ("BUYER_ID") ENABLE;
  ALTER TABLE "PTJ94"."PROD" ADD CONSTRAINT "FR_PROD_LGU" FOREIGN KEY ("PROD_LGU")
	  REFERENCES "PTJ94"."LPROD" ("LPROD_GU") ENABLE;
--------------------------------------------------------
--  Ref Constraints for Table REMAIN
--------------------------------------------------------

  ALTER TABLE "PTJ94"."REMAIN" ADD CONSTRAINT "FK_REMAIN_PROD" FOREIGN KEY ("PROD_ID")
	  REFERENCES "PTJ94"."PROD" ("PROD_ID") ENABLE;
--------------------------------------------------------
--  Ref Constraints for Table TB_ANSWER
--------------------------------------------------------

  ALTER TABLE "PTJ94"."TB_ANSWER" ADD CONSTRAINT "FK_TB_QUESTION_TO_TB_ANSWER" FOREIGN KEY ("Q_NO")
	  REFERENCES "PTJ94"."TB_QUESTION" ("Q_NO") ENABLE;
--------------------------------------------------------
--  Ref Constraints for Table TB_CARDINFO
--------------------------------------------------------

  ALTER TABLE "PTJ94"."TB_CARDINFO" ADD CONSTRAINT "FK_TB_MEMBER_TO_TB_CARDINFO" FOREIGN KEY ("ID")
	  REFERENCES "PTJ94"."TB_MEMBER" ("ID") ENABLE;
--------------------------------------------------------
--  Ref Constraints for Table TB_COMMENT
--------------------------------------------------------

  ALTER TABLE "PTJ94"."TB_COMMENT" ADD CONSTRAINT "FK_TB_MEMBER_TO_TB_COMMENT" FOREIGN KEY ("ID")
	  REFERENCES "PTJ94"."TB_MEMBER" ("ID") ENABLE;
--------------------------------------------------------
--  Ref Constraints for Table TB_LIST
--------------------------------------------------------

  ALTER TABLE "PTJ94"."TB_LIST" ADD CONSTRAINT "FK_TB_MEMBER_TO_TB_LIST" FOREIGN KEY ("ID")
	  REFERENCES "PTJ94"."TB_MEMBER" ("ID") ENABLE;
--------------------------------------------------------
--  Ref Constraints for Table TB_QUESTION
--------------------------------------------------------

  ALTER TABLE "PTJ94"."TB_QUESTION" ADD CONSTRAINT "FK_TB_MEMBER_TO_TB_QUESTION" FOREIGN KEY ("ID")
	  REFERENCES "PTJ94"."TB_MEMBER" ("ID") ENABLE;
