--------------------------------------------------------
--  파일이 생성됨 - 토요일-3월-19-2022   
--------------------------------------------------------
--------------------------------------------------------
--  DDL for Sequence DEPARTMENTS_SEQ
--------------------------------------------------------

   CREATE SEQUENCE  "HR"."DEPARTMENTS_SEQ"  MINVALUE 1 MAXVALUE 9990 INCREMENT BY 10 START WITH 280 NOCACHE  NOORDER  NOCYCLE ;
--------------------------------------------------------
--  DDL for Sequence EMPLOYEES_SEQ
--------------------------------------------------------

   CREATE SEQUENCE  "HR"."EMPLOYEES_SEQ"  MINVALUE 1 MAXVALUE 9999999999999999999999999999 INCREMENT BY 1 START WITH 207 NOCACHE  NOORDER  NOCYCLE ;
--------------------------------------------------------
--  DDL for Sequence LOCATIONS_SEQ
--------------------------------------------------------

   CREATE SEQUENCE  "HR"."LOCATIONS_SEQ"  MINVALUE 1 MAXVALUE 9900 INCREMENT BY 100 START WITH 3300 NOCACHE  NOORDER  NOCYCLE ;
--------------------------------------------------------
--  DDL for Table COUNTRIES
--------------------------------------------------------

  CREATE TABLE "HR"."COUNTRIES" 
   (	"COUNTRY_ID" CHAR(2 BYTE), 
	"COUNTRY_NAME" VARCHAR2(40 BYTE), 
	"REGION_ID" NUMBER, 
	 CONSTRAINT "COUNTRY_C_ID_PK" PRIMARY KEY ("COUNTRY_ID") ENABLE
   ) ORGANIZATION INDEX NOCOMPRESS PCTFREE 10 INITRANS 2 MAXTRANS 255 LOGGING
  STORAGE(INITIAL 65536 NEXT 1048576 MINEXTENTS 1 MAXEXTENTS 2147483645
  PCTINCREASE 0 FREELISTS 1 FREELIST GROUPS 1 BUFFER_POOL DEFAULT FLASH_CACHE DEFAULT CELL_FLASH_CACHE DEFAULT)
  TABLESPACE "USERS" 
 PCTTHRESHOLD 50;

   COMMENT ON COLUMN "HR"."COUNTRIES"."COUNTRY_ID" IS 'Primary key of countries table.';
   COMMENT ON COLUMN "HR"."COUNTRIES"."COUNTRY_NAME" IS 'Country name';
   COMMENT ON COLUMN "HR"."COUNTRIES"."REGION_ID" IS 'Region ID for the country. Foreign key to region_id column in the departments table.';
   COMMENT ON TABLE "HR"."COUNTRIES"  IS 'country table. Contains 25 rows. References with locations table.';
--------------------------------------------------------
--  DDL for Table DEPARTMENTS
--------------------------------------------------------

  CREATE TABLE "HR"."DEPARTMENTS" 
   (	"DEPARTMENT_ID" NUMBER(4,0), 
	"DEPARTMENT_NAME" VARCHAR2(30 BYTE), 
	"MANAGER_ID" NUMBER(6,0), 
	"LOCATION_ID" NUMBER(4,0)
   ) SEGMENT CREATION IMMEDIATE 
  PCTFREE 10 PCTUSED 40 INITRANS 1 MAXTRANS 255 NOCOMPRESS LOGGING
  STORAGE(INITIAL 65536 NEXT 1048576 MINEXTENTS 1 MAXEXTENTS 2147483645
  PCTINCREASE 0 FREELISTS 1 FREELIST GROUPS 1 BUFFER_POOL DEFAULT FLASH_CACHE DEFAULT CELL_FLASH_CACHE DEFAULT)
  TABLESPACE "USERS" ;

   COMMENT ON COLUMN "HR"."DEPARTMENTS"."DEPARTMENT_ID" IS 'Primary key column of departments table.';
   COMMENT ON COLUMN "HR"."DEPARTMENTS"."DEPARTMENT_NAME" IS 'A not null column that shows name of a department. Administration,
Marketing, Purchasing, Human Resources, Shipping, IT, Executive, Public
Relations, Sales, Finance, and Accounting. ';
   COMMENT ON COLUMN "HR"."DEPARTMENTS"."MANAGER_ID" IS 'Manager_id of a department. Foreign key to employee_id column of employees table. The manager_id column of the employee table references this column.';
   COMMENT ON COLUMN "HR"."DEPARTMENTS"."LOCATION_ID" IS 'Location id where a department is located. Foreign key to location_id column of locations table.';
   COMMENT ON TABLE "HR"."DEPARTMENTS"  IS 'Departments table that shows details of departments where employees
work. Contains 27 rows; references with locations, employees, and job_history tables.';
--------------------------------------------------------
--  DDL for Table EMPLOYEES
--------------------------------------------------------

  CREATE TABLE "HR"."EMPLOYEES" 
   (	"EMPLOYEE_ID" NUMBER(6,0), 
	"FIRST_NAME" VARCHAR2(20 BYTE), 
	"LAST_NAME" VARCHAR2(25 BYTE), 
	"EMAIL" VARCHAR2(25 BYTE), 
	"PHONE_NUMBER" VARCHAR2(20 BYTE), 
	"HIRE_DATE" DATE, 
	"JOB_ID" VARCHAR2(10 BYTE), 
	"SALARY" NUMBER(8,2), 
	"COMMISSION_PCT" NUMBER(2,2), 
	"MANAGER_ID" NUMBER(6,0), 
	"DEPARTMENT_ID" NUMBER(4,0), 
	"EMP_NAME" VARCHAR2(50 BYTE), 
	"RETIRE_DATE" DATE
   ) SEGMENT CREATION IMMEDIATE 
  PCTFREE 10 PCTUSED 40 INITRANS 1 MAXTRANS 255 NOCOMPRESS LOGGING
  STORAGE(INITIAL 65536 NEXT 1048576 MINEXTENTS 1 MAXEXTENTS 2147483645
  PCTINCREASE 0 FREELISTS 1 FREELIST GROUPS 1 BUFFER_POOL DEFAULT FLASH_CACHE DEFAULT CELL_FLASH_CACHE DEFAULT)
  TABLESPACE "USERS" ;

   COMMENT ON COLUMN "HR"."EMPLOYEES"."EMPLOYEE_ID" IS 'Primary key of employees table.';
   COMMENT ON COLUMN "HR"."EMPLOYEES"."FIRST_NAME" IS 'First name of the employee. A not null column.';
   COMMENT ON COLUMN "HR"."EMPLOYEES"."LAST_NAME" IS 'Last name of the employee. A not null column.';
   COMMENT ON COLUMN "HR"."EMPLOYEES"."EMAIL" IS 'Email id of the employee';
   COMMENT ON COLUMN "HR"."EMPLOYEES"."PHONE_NUMBER" IS 'Phone number of the employee; includes country code and area code';
   COMMENT ON COLUMN "HR"."EMPLOYEES"."HIRE_DATE" IS 'Date when the employee started on this job. A not null column.';
   COMMENT ON COLUMN "HR"."EMPLOYEES"."JOB_ID" IS 'Current job of the employee; foreign key to job_id column of the
jobs table. A not null column.';
   COMMENT ON COLUMN "HR"."EMPLOYEES"."SALARY" IS 'Monthly salary of the employee. Must be greater
than zero (enforced by constraint emp_salary_min)';
   COMMENT ON COLUMN "HR"."EMPLOYEES"."COMMISSION_PCT" IS 'Commission percentage of the employee; Only employees in sales
department elgible for commission percentage';
   COMMENT ON COLUMN "HR"."EMPLOYEES"."MANAGER_ID" IS 'Manager id of the employee; has same domain as manager_id in
departments table. Foreign key to employee_id column of employees table.
(useful for reflexive joins and CONNECT BY query)';
   COMMENT ON COLUMN "HR"."EMPLOYEES"."DEPARTMENT_ID" IS 'Department id where employee works; foreign key to department_id
column of the departments table';
   COMMENT ON TABLE "HR"."EMPLOYEES"  IS 'employees table. Contains 107 rows. References with departments,
jobs, job_history tables. Contains a self reference.';
--------------------------------------------------------
--  DDL for Table JOBS
--------------------------------------------------------

  CREATE TABLE "HR"."JOBS" 
   (	"JOB_ID" VARCHAR2(10 BYTE), 
	"JOB_TITLE" VARCHAR2(35 BYTE), 
	"MIN_SALARY" NUMBER(6,0), 
	"MAX_SALARY" NUMBER(6,0)
   ) SEGMENT CREATION IMMEDIATE 
  PCTFREE 10 PCTUSED 40 INITRANS 1 MAXTRANS 255 NOCOMPRESS LOGGING
  STORAGE(INITIAL 65536 NEXT 1048576 MINEXTENTS 1 MAXEXTENTS 2147483645
  PCTINCREASE 0 FREELISTS 1 FREELIST GROUPS 1 BUFFER_POOL DEFAULT FLASH_CACHE DEFAULT CELL_FLASH_CACHE DEFAULT)
  TABLESPACE "USERS" ;

   COMMENT ON COLUMN "HR"."JOBS"."JOB_ID" IS 'Primary key of jobs table.';
   COMMENT ON COLUMN "HR"."JOBS"."JOB_TITLE" IS 'A not null column that shows job title, e.g. AD_VP, FI_ACCOUNTANT';
   COMMENT ON COLUMN "HR"."JOBS"."MIN_SALARY" IS 'Minimum salary for a job title.';
   COMMENT ON COLUMN "HR"."JOBS"."MAX_SALARY" IS 'Maximum salary for a job title';
   COMMENT ON TABLE "HR"."JOBS"  IS 'jobs table with job titles and salary ranges. Contains 19 rows.
References with employees and job_history table.';
--------------------------------------------------------
--  DDL for Table JOB_HISTORY
--------------------------------------------------------

  CREATE TABLE "HR"."JOB_HISTORY" 
   (	"EMPLOYEE_ID" NUMBER(6,0), 
	"START_DATE" DATE, 
	"END_DATE" DATE, 
	"JOB_ID" VARCHAR2(10 BYTE), 
	"DEPARTMENT_ID" NUMBER(4,0)
   ) SEGMENT CREATION IMMEDIATE 
  PCTFREE 10 PCTUSED 40 INITRANS 1 MAXTRANS 255 NOCOMPRESS LOGGING
  STORAGE(INITIAL 65536 NEXT 1048576 MINEXTENTS 1 MAXEXTENTS 2147483645
  PCTINCREASE 0 FREELISTS 1 FREELIST GROUPS 1 BUFFER_POOL DEFAULT FLASH_CACHE DEFAULT CELL_FLASH_CACHE DEFAULT)
  TABLESPACE "USERS" ;

   COMMENT ON COLUMN "HR"."JOB_HISTORY"."EMPLOYEE_ID" IS 'A not null column in the complex primary key employee_id+start_date.
Foreign key to employee_id column of the employee table';
   COMMENT ON COLUMN "HR"."JOB_HISTORY"."START_DATE" IS 'A not null column in the complex primary key employee_id+start_date.
Must be less than the end_date of the job_history table. (enforced by
constraint jhist_date_interval)';
   COMMENT ON COLUMN "HR"."JOB_HISTORY"."END_DATE" IS 'Last day of the employee in this job role. A not null column. Must be
greater than the start_date of the job_history table.
(enforced by constraint jhist_date_interval)';
   COMMENT ON COLUMN "HR"."JOB_HISTORY"."JOB_ID" IS 'Job role in which the employee worked in the past; foreign key to
job_id column in the jobs table. A not null column.';
   COMMENT ON COLUMN "HR"."JOB_HISTORY"."DEPARTMENT_ID" IS 'Department id in which the employee worked in the past; foreign key to deparment_id column in the departments table';
   COMMENT ON TABLE "HR"."JOB_HISTORY"  IS 'Table that stores job history of the employees. If an employee
changes departments within the job or changes jobs within the department,
new rows get inserted into this table with old job information of the
employee. Contains a complex primary key: employee_id+start_date.
Contains 25 rows. References with jobs, employees, and departments tables.';
--------------------------------------------------------
--  DDL for Table LOCATIONS
--------------------------------------------------------

  CREATE TABLE "HR"."LOCATIONS" 
   (	"LOCATION_ID" NUMBER(4,0), 
	"STREET_ADDRESS" VARCHAR2(40 BYTE), 
	"POSTAL_CODE" VARCHAR2(12 BYTE), 
	"CITY" VARCHAR2(30 BYTE), 
	"STATE_PROVINCE" VARCHAR2(25 BYTE), 
	"COUNTRY_ID" CHAR(2 BYTE)
   ) SEGMENT CREATION IMMEDIATE 
  PCTFREE 10 PCTUSED 40 INITRANS 1 MAXTRANS 255 NOCOMPRESS LOGGING
  STORAGE(INITIAL 65536 NEXT 1048576 MINEXTENTS 1 MAXEXTENTS 2147483645
  PCTINCREASE 0 FREELISTS 1 FREELIST GROUPS 1 BUFFER_POOL DEFAULT FLASH_CACHE DEFAULT CELL_FLASH_CACHE DEFAULT)
  TABLESPACE "USERS" ;

   COMMENT ON COLUMN "HR"."LOCATIONS"."LOCATION_ID" IS 'Primary key of locations table';
   COMMENT ON COLUMN "HR"."LOCATIONS"."STREET_ADDRESS" IS 'Street address of an office, warehouse, or production site of a company.
Contains building number and street name';
   COMMENT ON COLUMN "HR"."LOCATIONS"."POSTAL_CODE" IS 'Postal code of the location of an office, warehouse, or production site
of a company. ';
   COMMENT ON COLUMN "HR"."LOCATIONS"."CITY" IS 'A not null column that shows city where an office, warehouse, or
production site of a company is located. ';
   COMMENT ON COLUMN "HR"."LOCATIONS"."STATE_PROVINCE" IS 'State or Province where an office, warehouse, or production site of a
company is located.';
   COMMENT ON COLUMN "HR"."LOCATIONS"."COUNTRY_ID" IS 'Country where an office, warehouse, or production site of a company is
located. Foreign key to country_id column of the countries table.';
   COMMENT ON TABLE "HR"."LOCATIONS"  IS 'Locations table that contains specific address of a specific office,
warehouse, and/or production site of a company. Does not store addresses /
locations of customers. Contains 23 rows; references with the
departments and countries tables. ';
--------------------------------------------------------
--  DDL for Table REGIONS
--------------------------------------------------------

  CREATE TABLE "HR"."REGIONS" 
   (	"REGION_ID" NUMBER, 
	"REGION_NAME" VARCHAR2(25 BYTE)
   ) SEGMENT CREATION IMMEDIATE 
  PCTFREE 10 PCTUSED 40 INITRANS 1 MAXTRANS 255 NOCOMPRESS LOGGING
  STORAGE(INITIAL 65536 NEXT 1048576 MINEXTENTS 1 MAXEXTENTS 2147483645
  PCTINCREASE 0 FREELISTS 1 FREELIST GROUPS 1 BUFFER_POOL DEFAULT FLASH_CACHE DEFAULT CELL_FLASH_CACHE DEFAULT)
  TABLESPACE "USERS" ;
--------------------------------------------------------
--  DDL for Table RETIRES
--------------------------------------------------------

  CREATE TABLE "HR"."RETIRES" 
   (	"EMPLOYEE_ID" NUMBER(6,0), 
	"RETIRE_DATE" DATE, 
	"JOB_ID" VARCHAR2(10 BYTE), 
	"DEPARTMENT_ID" NUMBER(4,0)
   ) SEGMENT CREATION IMMEDIATE 
  PCTFREE 10 PCTUSED 40 INITRANS 1 MAXTRANS 255 NOCOMPRESS LOGGING
  STORAGE(INITIAL 65536 NEXT 1048576 MINEXTENTS 1 MAXEXTENTS 2147483645
  PCTINCREASE 0 FREELISTS 1 FREELIST GROUPS 1 BUFFER_POOL DEFAULT FLASH_CACHE DEFAULT CELL_FLASH_CACHE DEFAULT)
  TABLESPACE "USERS" ;
--------------------------------------------------------
--  DDL for View EMP_DETAILS_VIEW
--------------------------------------------------------

  CREATE OR REPLACE FORCE VIEW "HR"."EMP_DETAILS_VIEW" ("EMPLOYEE_ID", "JOB_ID", "MANAGER_ID", "DEPARTMENT_ID", "LOCATION_ID", "COUNTRY_ID", "FIRST_NAME", "LAST_NAME", "SALARY", "COMMISSION_PCT", "DEPARTMENT_NAME", "JOB_TITLE", "CITY", "STATE_PROVINCE", "COUNTRY_NAME", "REGION_NAME") AS 
  SELECT
  e.employee_id,
  e.job_id,
  e.manager_id,
  e.department_id,
  d.location_id,
  l.country_id,
  e.first_name,
  e.last_name,
  e.salary,
  e.commission_pct,
  d.department_name,
  j.job_title,
  l.city,
  l.state_province,
  c.country_name,
  r.region_name
FROM
  employees e,
  departments d,
  jobs j,
  locations l,
  countries c,
  regions r
WHERE e.department_id = d.department_id
  AND d.location_id = l.location_id
  AND l.country_id = c.country_id
  AND c.region_id = r.region_id
  AND j.job_id = e.job_id
WITH READ ONLY
;
REM INSERTING into HR.COUNTRIES
SET DEFINE OFF;
Insert into HR.COUNTRIES (COUNTRY_ID,COUNTRY_NAME,REGION_ID) values ('AR','Argentina',2);
Insert into HR.COUNTRIES (COUNTRY_ID,COUNTRY_NAME,REGION_ID) values ('AU','Australia',3);
Insert into HR.COUNTRIES (COUNTRY_ID,COUNTRY_NAME,REGION_ID) values ('BE','Belgium',1);
Insert into HR.COUNTRIES (COUNTRY_ID,COUNTRY_NAME,REGION_ID) values ('BR','Brazil',2);
Insert into HR.COUNTRIES (COUNTRY_ID,COUNTRY_NAME,REGION_ID) values ('CA','Canada',2);
Insert into HR.COUNTRIES (COUNTRY_ID,COUNTRY_NAME,REGION_ID) values ('CH','Switzerland',1);
Insert into HR.COUNTRIES (COUNTRY_ID,COUNTRY_NAME,REGION_ID) values ('CN','China',3);
Insert into HR.COUNTRIES (COUNTRY_ID,COUNTRY_NAME,REGION_ID) values ('DE','Germany',1);
Insert into HR.COUNTRIES (COUNTRY_ID,COUNTRY_NAME,REGION_ID) values ('DK','Denmark',1);
Insert into HR.COUNTRIES (COUNTRY_ID,COUNTRY_NAME,REGION_ID) values ('EG','Egypt',4);
Insert into HR.COUNTRIES (COUNTRY_ID,COUNTRY_NAME,REGION_ID) values ('FR','France',1);
Insert into HR.COUNTRIES (COUNTRY_ID,COUNTRY_NAME,REGION_ID) values ('IL','Israel',4);
Insert into HR.COUNTRIES (COUNTRY_ID,COUNTRY_NAME,REGION_ID) values ('IN','India',3);
Insert into HR.COUNTRIES (COUNTRY_ID,COUNTRY_NAME,REGION_ID) values ('IT','Italy',1);
Insert into HR.COUNTRIES (COUNTRY_ID,COUNTRY_NAME,REGION_ID) values ('JP','Japan',3);
Insert into HR.COUNTRIES (COUNTRY_ID,COUNTRY_NAME,REGION_ID) values ('KW','Kuwait',4);
Insert into HR.COUNTRIES (COUNTRY_ID,COUNTRY_NAME,REGION_ID) values ('ML','Malaysia',3);
Insert into HR.COUNTRIES (COUNTRY_ID,COUNTRY_NAME,REGION_ID) values ('MX','Mexico',2);
Insert into HR.COUNTRIES (COUNTRY_ID,COUNTRY_NAME,REGION_ID) values ('NG','Nigeria',4);
Insert into HR.COUNTRIES (COUNTRY_ID,COUNTRY_NAME,REGION_ID) values ('NL','Netherlands',1);
Insert into HR.COUNTRIES (COUNTRY_ID,COUNTRY_NAME,REGION_ID) values ('SG','Singapore',3);
Insert into HR.COUNTRIES (COUNTRY_ID,COUNTRY_NAME,REGION_ID) values ('UK','United Kingdom',1);
Insert into HR.COUNTRIES (COUNTRY_ID,COUNTRY_NAME,REGION_ID) values ('US','United States of America',2);
Insert into HR.COUNTRIES (COUNTRY_ID,COUNTRY_NAME,REGION_ID) values ('ZM','Zambia',4);
Insert into HR.COUNTRIES (COUNTRY_ID,COUNTRY_NAME,REGION_ID) values ('ZW','Zimbabwe',4);
REM INSERTING into HR.DEPARTMENTS
SET DEFINE OFF;
Insert into HR.DEPARTMENTS (DEPARTMENT_ID,DEPARTMENT_NAME,MANAGER_ID,LOCATION_ID) values (10,'Administration',200,1700);
Insert into HR.DEPARTMENTS (DEPARTMENT_ID,DEPARTMENT_NAME,MANAGER_ID,LOCATION_ID) values (20,'Marketing',201,1800);
Insert into HR.DEPARTMENTS (DEPARTMENT_ID,DEPARTMENT_NAME,MANAGER_ID,LOCATION_ID) values (30,'Purchasing',114,1700);
Insert into HR.DEPARTMENTS (DEPARTMENT_ID,DEPARTMENT_NAME,MANAGER_ID,LOCATION_ID) values (40,'Human Resources',203,2400);
Insert into HR.DEPARTMENTS (DEPARTMENT_ID,DEPARTMENT_NAME,MANAGER_ID,LOCATION_ID) values (50,'Shipping',121,1500);
Insert into HR.DEPARTMENTS (DEPARTMENT_ID,DEPARTMENT_NAME,MANAGER_ID,LOCATION_ID) values (60,'IT',103,1400);
Insert into HR.DEPARTMENTS (DEPARTMENT_ID,DEPARTMENT_NAME,MANAGER_ID,LOCATION_ID) values (70,'Public Relations',204,2700);
Insert into HR.DEPARTMENTS (DEPARTMENT_ID,DEPARTMENT_NAME,MANAGER_ID,LOCATION_ID) values (80,'Sales',145,2500);
Insert into HR.DEPARTMENTS (DEPARTMENT_ID,DEPARTMENT_NAME,MANAGER_ID,LOCATION_ID) values (90,'Executive',100,1700);
Insert into HR.DEPARTMENTS (DEPARTMENT_ID,DEPARTMENT_NAME,MANAGER_ID,LOCATION_ID) values (100,'Finance',108,1700);
Insert into HR.DEPARTMENTS (DEPARTMENT_ID,DEPARTMENT_NAME,MANAGER_ID,LOCATION_ID) values (110,'Accounting',205,1700);
Insert into HR.DEPARTMENTS (DEPARTMENT_ID,DEPARTMENT_NAME,MANAGER_ID,LOCATION_ID) values (120,'Treasury',null,1700);
Insert into HR.DEPARTMENTS (DEPARTMENT_ID,DEPARTMENT_NAME,MANAGER_ID,LOCATION_ID) values (130,'Corporate Tax',null,1700);
Insert into HR.DEPARTMENTS (DEPARTMENT_ID,DEPARTMENT_NAME,MANAGER_ID,LOCATION_ID) values (140,'Control And Credit',null,1700);
Insert into HR.DEPARTMENTS (DEPARTMENT_ID,DEPARTMENT_NAME,MANAGER_ID,LOCATION_ID) values (150,'Shareholder Services',null,1700);
Insert into HR.DEPARTMENTS (DEPARTMENT_ID,DEPARTMENT_NAME,MANAGER_ID,LOCATION_ID) values (160,'Benefits',null,1700);
Insert into HR.DEPARTMENTS (DEPARTMENT_ID,DEPARTMENT_NAME,MANAGER_ID,LOCATION_ID) values (170,'Manufacturing',null,1700);
Insert into HR.DEPARTMENTS (DEPARTMENT_ID,DEPARTMENT_NAME,MANAGER_ID,LOCATION_ID) values (180,'Construction',null,1700);
Insert into HR.DEPARTMENTS (DEPARTMENT_ID,DEPARTMENT_NAME,MANAGER_ID,LOCATION_ID) values (190,'Contracting',null,1700);
Insert into HR.DEPARTMENTS (DEPARTMENT_ID,DEPARTMENT_NAME,MANAGER_ID,LOCATION_ID) values (200,'Operations',null,1700);
Insert into HR.DEPARTMENTS (DEPARTMENT_ID,DEPARTMENT_NAME,MANAGER_ID,LOCATION_ID) values (210,'IT Support',null,1700);
Insert into HR.DEPARTMENTS (DEPARTMENT_ID,DEPARTMENT_NAME,MANAGER_ID,LOCATION_ID) values (220,'NOC',null,1700);
Insert into HR.DEPARTMENTS (DEPARTMENT_ID,DEPARTMENT_NAME,MANAGER_ID,LOCATION_ID) values (230,'IT Helpdesk',null,1700);
Insert into HR.DEPARTMENTS (DEPARTMENT_ID,DEPARTMENT_NAME,MANAGER_ID,LOCATION_ID) values (240,'Government Sales',null,1700);
Insert into HR.DEPARTMENTS (DEPARTMENT_ID,DEPARTMENT_NAME,MANAGER_ID,LOCATION_ID) values (250,'Retail Sales',null,1700);
Insert into HR.DEPARTMENTS (DEPARTMENT_ID,DEPARTMENT_NAME,MANAGER_ID,LOCATION_ID) values (260,'Recruiting',null,1700);
Insert into HR.DEPARTMENTS (DEPARTMENT_ID,DEPARTMENT_NAME,MANAGER_ID,LOCATION_ID) values (270,'Payroll',null,1700);
REM INSERTING into HR.EMPLOYEES
SET DEFINE OFF;
Insert into HR.EMPLOYEES (EMPLOYEE_ID,FIRST_NAME,LAST_NAME,EMAIL,PHONE_NUMBER,HIRE_DATE,JOB_ID,SALARY,COMMISSION_PCT,MANAGER_ID,DEPARTMENT_ID,EMP_NAME,RETIRE_DATE) values (163,'danielle','greene','DGREENE','011.44.1346.229268',to_date('2007/03/19','yyyy/MM/DD'),'SA_REP',9500,0.15,147,80,'Danielle Greene',null);
Insert into HR.EMPLOYEES (EMPLOYEE_ID,FIRST_NAME,LAST_NAME,EMAIL,PHONE_NUMBER,HIRE_DATE,JOB_ID,SALARY,COMMISSION_PCT,MANAGER_ID,DEPARTMENT_ID,EMP_NAME,RETIRE_DATE) values (170,'tayler','fox','TFOX','011.44.1343.729268',to_date('2006/01/24','yyyy/MM/DD'),'SA_REP',9600,0.2,148,80,'Tayler Fox',null);
Insert into HR.EMPLOYEES (EMPLOYEE_ID,FIRST_NAME,LAST_NAME,EMAIL,PHONE_NUMBER,HIRE_DATE,JOB_ID,SALARY,COMMISSION_PCT,MANAGER_ID,DEPARTMENT_ID,EMP_NAME,RETIRE_DATE) values (175,'alyssa','hutton','AHUTTON','011.44.1644.429266',to_date('2005/03/19','yyyy/MM/DD'),'SA_REP',8800,0.25,149,80,'Alyssa Hutton',null);
Insert into HR.EMPLOYEES (EMPLOYEE_ID,FIRST_NAME,LAST_NAME,EMAIL,PHONE_NUMBER,HIRE_DATE,JOB_ID,SALARY,COMMISSION_PCT,MANAGER_ID,DEPARTMENT_ID,EMP_NAME,RETIRE_DATE) values (180,'winston','taylor','WTAYLOR','650.507.9876',to_date('2006/01/24','yyyy/MM/DD'),'SH_CLERK',3200,null,120,50,'Winston Taylor',null);
Insert into HR.EMPLOYEES (EMPLOYEE_ID,FIRST_NAME,LAST_NAME,EMAIL,PHONE_NUMBER,HIRE_DATE,JOB_ID,SALARY,COMMISSION_PCT,MANAGER_ID,DEPARTMENT_ID,EMP_NAME,RETIRE_DATE) values (186,'julia','dellinger','JDELLING','650.509.3876',to_date('2006/06/24','yyyy/MM/DD'),'SH_CLERK',3400,null,121,50,'Julia Dellinger',null);
Insert into HR.EMPLOYEES (EMPLOYEE_ID,FIRST_NAME,LAST_NAME,EMAIL,PHONE_NUMBER,HIRE_DATE,JOB_ID,SALARY,COMMISSION_PCT,MANAGER_ID,DEPARTMENT_ID,EMP_NAME,RETIRE_DATE) values (191,'randall','perkins','RPERKINS','650.505.4876',to_date('2007/12/19','yyyy/MM/DD'),'SH_CLERK',2500,null,122,50,'Randall Perkins',null);
Insert into HR.EMPLOYEES (EMPLOYEE_ID,FIRST_NAME,LAST_NAME,EMAIL,PHONE_NUMBER,HIRE_DATE,JOB_ID,SALARY,COMMISSION_PCT,MANAGER_ID,DEPARTMENT_ID,EMP_NAME,RETIRE_DATE) values (197,'kevin','feeney','KFEENEY','650.507.9822',to_date('2006/05/23','yyyy/MM/DD'),'SH_CLERK',3000,null,124,50,'Kevin Feeney',null);
Insert into HR.EMPLOYEES (EMPLOYEE_ID,FIRST_NAME,LAST_NAME,EMAIL,PHONE_NUMBER,HIRE_DATE,JOB_ID,SALARY,COMMISSION_PCT,MANAGER_ID,DEPARTMENT_ID,EMP_NAME,RETIRE_DATE) values (100,'steven','king','SKING','515.123.4567',to_date('2003/06/17','yyyy/MM/DD'),'AD_PRES',24000,null,null,90,'Steven King',null);
Insert into HR.EMPLOYEES (EMPLOYEE_ID,FIRST_NAME,LAST_NAME,EMAIL,PHONE_NUMBER,HIRE_DATE,JOB_ID,SALARY,COMMISSION_PCT,MANAGER_ID,DEPARTMENT_ID,EMP_NAME,RETIRE_DATE) values (101,'neena','kochhar','NKOCHHAR','515.123.4568',to_date('2005/09/21','yyyy/MM/DD'),'AD_VP',17000,null,100,90,'Neena Kochhar',null);
Insert into HR.EMPLOYEES (EMPLOYEE_ID,FIRST_NAME,LAST_NAME,EMAIL,PHONE_NUMBER,HIRE_DATE,JOB_ID,SALARY,COMMISSION_PCT,MANAGER_ID,DEPARTMENT_ID,EMP_NAME,RETIRE_DATE) values (102,'lex','de haan','LDEHAAN','515.123.4569',to_date('2001/01/13','yyyy/MM/DD'),'AD_VP',17000,null,100,90,'Lex De Haan',to_date('2022/02/08','yyyy/MM/DD'));
Insert into HR.EMPLOYEES (EMPLOYEE_ID,FIRST_NAME,LAST_NAME,EMAIL,PHONE_NUMBER,HIRE_DATE,JOB_ID,SALARY,COMMISSION_PCT,MANAGER_ID,DEPARTMENT_ID,EMP_NAME,RETIRE_DATE) values (103,'alexander','hunold','AHUNOLD','590.423.4567',to_date('2006/01/03','yyyy/MM/DD'),'IT_PROG',9000,null,102,60,'Alexander Hunold',null);
Insert into HR.EMPLOYEES (EMPLOYEE_ID,FIRST_NAME,LAST_NAME,EMAIL,PHONE_NUMBER,HIRE_DATE,JOB_ID,SALARY,COMMISSION_PCT,MANAGER_ID,DEPARTMENT_ID,EMP_NAME,RETIRE_DATE) values (104,'bruce','ernst','BERNST','590.423.4568',to_date('2007/05/21','yyyy/MM/DD'),'IT_PROG',6000,null,103,60,'Bruce Ernst',null);
Insert into HR.EMPLOYEES (EMPLOYEE_ID,FIRST_NAME,LAST_NAME,EMAIL,PHONE_NUMBER,HIRE_DATE,JOB_ID,SALARY,COMMISSION_PCT,MANAGER_ID,DEPARTMENT_ID,EMP_NAME,RETIRE_DATE) values (105,'david','austin','DAUSTIN','590.423.4569',to_date('2005/06/25','yyyy/MM/DD'),'IT_PROG',4800,null,103,60,'David Austin',null);
Insert into HR.EMPLOYEES (EMPLOYEE_ID,FIRST_NAME,LAST_NAME,EMAIL,PHONE_NUMBER,HIRE_DATE,JOB_ID,SALARY,COMMISSION_PCT,MANAGER_ID,DEPARTMENT_ID,EMP_NAME,RETIRE_DATE) values (106,'valli','pataballa','VPATABAL','590.423.4560',to_date('2006/02/05','yyyy/MM/DD'),'IT_PROG',4800,null,103,60,'Valli Pataballa',null);
Insert into HR.EMPLOYEES (EMPLOYEE_ID,FIRST_NAME,LAST_NAME,EMAIL,PHONE_NUMBER,HIRE_DATE,JOB_ID,SALARY,COMMISSION_PCT,MANAGER_ID,DEPARTMENT_ID,EMP_NAME,RETIRE_DATE) values (107,'diana','lorentz','DLORENTZ','590.423.5567',to_date('2007/02/07','yyyy/MM/DD'),'IT_PROG',4200,null,103,60,'Diana Lorentz',null);
Insert into HR.EMPLOYEES (EMPLOYEE_ID,FIRST_NAME,LAST_NAME,EMAIL,PHONE_NUMBER,HIRE_DATE,JOB_ID,SALARY,COMMISSION_PCT,MANAGER_ID,DEPARTMENT_ID,EMP_NAME,RETIRE_DATE) values (108,'nancy','greenberg','NGREENBE','515.124.4569',to_date('2002/08/17','yyyy/MM/DD'),'FI_MGR',12008,null,101,100,'Nancy Greenberg',to_date('2022/02/08','yyyy/MM/DD'));
Insert into HR.EMPLOYEES (EMPLOYEE_ID,FIRST_NAME,LAST_NAME,EMAIL,PHONE_NUMBER,HIRE_DATE,JOB_ID,SALARY,COMMISSION_PCT,MANAGER_ID,DEPARTMENT_ID,EMP_NAME,RETIRE_DATE) values (109,'daniel','faviet','DFAVIET','515.124.4169',to_date('2002/08/16','yyyy/MM/DD'),'FI_ACCOUNT',9000,null,108,100,'Daniel Faviet',to_date('2022/02/08','yyyy/MM/DD'));
Insert into HR.EMPLOYEES (EMPLOYEE_ID,FIRST_NAME,LAST_NAME,EMAIL,PHONE_NUMBER,HIRE_DATE,JOB_ID,SALARY,COMMISSION_PCT,MANAGER_ID,DEPARTMENT_ID,EMP_NAME,RETIRE_DATE) values (110,'john','chen','JCHEN','515.124.4269',to_date('2005/09/28','yyyy/MM/DD'),'FI_ACCOUNT',8200,null,108,100,'John Chen',null);
Insert into HR.EMPLOYEES (EMPLOYEE_ID,FIRST_NAME,LAST_NAME,EMAIL,PHONE_NUMBER,HIRE_DATE,JOB_ID,SALARY,COMMISSION_PCT,MANAGER_ID,DEPARTMENT_ID,EMP_NAME,RETIRE_DATE) values (111,'ismael','sciarra','ISCIARRA','515.124.4369',to_date('2005/09/30','yyyy/MM/DD'),'FI_ACCOUNT',7700,null,108,100,'Ismael Sciarra',null);
Insert into HR.EMPLOYEES (EMPLOYEE_ID,FIRST_NAME,LAST_NAME,EMAIL,PHONE_NUMBER,HIRE_DATE,JOB_ID,SALARY,COMMISSION_PCT,MANAGER_ID,DEPARTMENT_ID,EMP_NAME,RETIRE_DATE) values (112,'jose manuel','urman','JMURMAN','515.124.4469',to_date('2006/03/07','yyyy/MM/DD'),'FI_ACCOUNT',7800,null,108,100,'Jose Manuel Urman',null);
Insert into HR.EMPLOYEES (EMPLOYEE_ID,FIRST_NAME,LAST_NAME,EMAIL,PHONE_NUMBER,HIRE_DATE,JOB_ID,SALARY,COMMISSION_PCT,MANAGER_ID,DEPARTMENT_ID,EMP_NAME,RETIRE_DATE) values (113,'luis','popp','LPOPP','515.124.4567',to_date('2007/12/07','yyyy/MM/DD'),'FI_ACCOUNT',6900,null,108,100,'Luis Popp',null);
Insert into HR.EMPLOYEES (EMPLOYEE_ID,FIRST_NAME,LAST_NAME,EMAIL,PHONE_NUMBER,HIRE_DATE,JOB_ID,SALARY,COMMISSION_PCT,MANAGER_ID,DEPARTMENT_ID,EMP_NAME,RETIRE_DATE) values (114,'den','raphaely','DRAPHEAL','515.127.4561',to_date('2002/12/07','yyyy/MM/DD'),'PU_MAN',11000,null,100,30,'Den Raphaely',to_date('2022/02/08','yyyy/MM/DD'));
Insert into HR.EMPLOYEES (EMPLOYEE_ID,FIRST_NAME,LAST_NAME,EMAIL,PHONE_NUMBER,HIRE_DATE,JOB_ID,SALARY,COMMISSION_PCT,MANAGER_ID,DEPARTMENT_ID,EMP_NAME,RETIRE_DATE) values (115,'alexander','khoo','AKHOO','515.127.4562',to_date('2003/05/18','yyyy/MM/DD'),'PU_CLERK',3100,null,114,30,'Alexander Khoo',null);
Insert into HR.EMPLOYEES (EMPLOYEE_ID,FIRST_NAME,LAST_NAME,EMAIL,PHONE_NUMBER,HIRE_DATE,JOB_ID,SALARY,COMMISSION_PCT,MANAGER_ID,DEPARTMENT_ID,EMP_NAME,RETIRE_DATE) values (116,'shelli','baida','SBAIDA','515.127.4563',to_date('2005/12/24','yyyy/MM/DD'),'PU_CLERK',2900,null,114,30,'Shelli Baida',null);
Insert into HR.EMPLOYEES (EMPLOYEE_ID,FIRST_NAME,LAST_NAME,EMAIL,PHONE_NUMBER,HIRE_DATE,JOB_ID,SALARY,COMMISSION_PCT,MANAGER_ID,DEPARTMENT_ID,EMP_NAME,RETIRE_DATE) values (117,'sigal','tobias','STOBIAS','515.127.4564',to_date('2005/07/24','yyyy/MM/DD'),'PU_CLERK',2800,null,114,30,'Sigal Tobias',null);
Insert into HR.EMPLOYEES (EMPLOYEE_ID,FIRST_NAME,LAST_NAME,EMAIL,PHONE_NUMBER,HIRE_DATE,JOB_ID,SALARY,COMMISSION_PCT,MANAGER_ID,DEPARTMENT_ID,EMP_NAME,RETIRE_DATE) values (118,'guy','himuro','GHIMURO','515.127.4565',to_date('2006/11/15','yyyy/MM/DD'),'PU_CLERK',2600,null,114,30,'Guy Himuro',null);
Insert into HR.EMPLOYEES (EMPLOYEE_ID,FIRST_NAME,LAST_NAME,EMAIL,PHONE_NUMBER,HIRE_DATE,JOB_ID,SALARY,COMMISSION_PCT,MANAGER_ID,DEPARTMENT_ID,EMP_NAME,RETIRE_DATE) values (119,'karen','colmenares','KCOLMENA','515.127.4566',to_date('2007/08/10','yyyy/MM/DD'),'PU_CLERK',2500,null,114,30,'Karen Colmenares',null);
Insert into HR.EMPLOYEES (EMPLOYEE_ID,FIRST_NAME,LAST_NAME,EMAIL,PHONE_NUMBER,HIRE_DATE,JOB_ID,SALARY,COMMISSION_PCT,MANAGER_ID,DEPARTMENT_ID,EMP_NAME,RETIRE_DATE) values (120,'matthew','weiss','MWEISS','650.123.1234',to_date('2004/07/18','yyyy/MM/DD'),'ST_MAN',8000,null,100,50,'Matthew Weiss',null);
Insert into HR.EMPLOYEES (EMPLOYEE_ID,FIRST_NAME,LAST_NAME,EMAIL,PHONE_NUMBER,HIRE_DATE,JOB_ID,SALARY,COMMISSION_PCT,MANAGER_ID,DEPARTMENT_ID,EMP_NAME,RETIRE_DATE) values (121,'adam','fripp','AFRIPP','650.123.2234',to_date('2005/04/10','yyyy/MM/DD'),'ST_MAN',8200,null,100,50,'Adam Fripp',null);
Insert into HR.EMPLOYEES (EMPLOYEE_ID,FIRST_NAME,LAST_NAME,EMAIL,PHONE_NUMBER,HIRE_DATE,JOB_ID,SALARY,COMMISSION_PCT,MANAGER_ID,DEPARTMENT_ID,EMP_NAME,RETIRE_DATE) values (122,'payam','kaufling','PKAUFLIN','650.123.3234',to_date('2003/05/01','yyyy/MM/DD'),'ST_MAN',7900,null,100,50,'Payam Kaufling',null);
Insert into HR.EMPLOYEES (EMPLOYEE_ID,FIRST_NAME,LAST_NAME,EMAIL,PHONE_NUMBER,HIRE_DATE,JOB_ID,SALARY,COMMISSION_PCT,MANAGER_ID,DEPARTMENT_ID,EMP_NAME,RETIRE_DATE) values (123,'shanta','vollman','SVOLLMAN','650.123.4234',to_date('2005/10/10','yyyy/MM/DD'),'ST_MAN',6500,null,100,50,'Shanta Vollman',null);
Insert into HR.EMPLOYEES (EMPLOYEE_ID,FIRST_NAME,LAST_NAME,EMAIL,PHONE_NUMBER,HIRE_DATE,JOB_ID,SALARY,COMMISSION_PCT,MANAGER_ID,DEPARTMENT_ID,EMP_NAME,RETIRE_DATE) values (124,'kevin','mourgos','KMOURGOS','650.123.5234',to_date('2007/11/16','yyyy/MM/DD'),'ST_MAN',5800,null,100,50,'Kevin Mourgos',null);
Insert into HR.EMPLOYEES (EMPLOYEE_ID,FIRST_NAME,LAST_NAME,EMAIL,PHONE_NUMBER,HIRE_DATE,JOB_ID,SALARY,COMMISSION_PCT,MANAGER_ID,DEPARTMENT_ID,EMP_NAME,RETIRE_DATE) values (125,'julia','nayer','JNAYER','650.124.1214',to_date('2005/07/16','yyyy/MM/DD'),'ST_CLERK',3200,null,120,50,'Julia Nayer',null);
Insert into HR.EMPLOYEES (EMPLOYEE_ID,FIRST_NAME,LAST_NAME,EMAIL,PHONE_NUMBER,HIRE_DATE,JOB_ID,SALARY,COMMISSION_PCT,MANAGER_ID,DEPARTMENT_ID,EMP_NAME,RETIRE_DATE) values (126,'irene','mikkilineni','IMIKKILI','650.124.1224',to_date('2006/09/28','yyyy/MM/DD'),'ST_CLERK',2700,null,120,50,'Irene Mikkilineni',null);
Insert into HR.EMPLOYEES (EMPLOYEE_ID,FIRST_NAME,LAST_NAME,EMAIL,PHONE_NUMBER,HIRE_DATE,JOB_ID,SALARY,COMMISSION_PCT,MANAGER_ID,DEPARTMENT_ID,EMP_NAME,RETIRE_DATE) values (127,'james','landry','JLANDRY','650.124.1334',to_date('2007/01/14','yyyy/MM/DD'),'ST_CLERK',2400,null,120,50,'James Landry',null);
Insert into HR.EMPLOYEES (EMPLOYEE_ID,FIRST_NAME,LAST_NAME,EMAIL,PHONE_NUMBER,HIRE_DATE,JOB_ID,SALARY,COMMISSION_PCT,MANAGER_ID,DEPARTMENT_ID,EMP_NAME,RETIRE_DATE) values (128,'steven','markle','SMARKLE','650.124.1434',to_date('2008/03/08','yyyy/MM/DD'),'ST_CLERK',2200,null,120,50,'Steven Markle',null);
Insert into HR.EMPLOYEES (EMPLOYEE_ID,FIRST_NAME,LAST_NAME,EMAIL,PHONE_NUMBER,HIRE_DATE,JOB_ID,SALARY,COMMISSION_PCT,MANAGER_ID,DEPARTMENT_ID,EMP_NAME,RETIRE_DATE) values (129,'laura','bissot','LBISSOT','650.124.5234',to_date('2005/08/20','yyyy/MM/DD'),'ST_CLERK',3300,null,121,50,'Laura Bissot',null);
Insert into HR.EMPLOYEES (EMPLOYEE_ID,FIRST_NAME,LAST_NAME,EMAIL,PHONE_NUMBER,HIRE_DATE,JOB_ID,SALARY,COMMISSION_PCT,MANAGER_ID,DEPARTMENT_ID,EMP_NAME,RETIRE_DATE) values (130,'mozhe','atkinson','MATKINSO','650.124.6234',to_date('2005/10/30','yyyy/MM/DD'),'ST_CLERK',2800,null,121,50,'Mozhe Atkinson',null);
Insert into HR.EMPLOYEES (EMPLOYEE_ID,FIRST_NAME,LAST_NAME,EMAIL,PHONE_NUMBER,HIRE_DATE,JOB_ID,SALARY,COMMISSION_PCT,MANAGER_ID,DEPARTMENT_ID,EMP_NAME,RETIRE_DATE) values (131,'james','marlow','JAMRLOW','650.124.7234',to_date('2005/02/16','yyyy/MM/DD'),'ST_CLERK',2500,null,121,50,'James Marlow',null);
Insert into HR.EMPLOYEES (EMPLOYEE_ID,FIRST_NAME,LAST_NAME,EMAIL,PHONE_NUMBER,HIRE_DATE,JOB_ID,SALARY,COMMISSION_PCT,MANAGER_ID,DEPARTMENT_ID,EMP_NAME,RETIRE_DATE) values (132,'tj','olson','TJOLSON','650.124.8234',to_date('2007/04/10','yyyy/MM/DD'),'ST_CLERK',2100,null,121,50,'TJ Olson',null);
Insert into HR.EMPLOYEES (EMPLOYEE_ID,FIRST_NAME,LAST_NAME,EMAIL,PHONE_NUMBER,HIRE_DATE,JOB_ID,SALARY,COMMISSION_PCT,MANAGER_ID,DEPARTMENT_ID,EMP_NAME,RETIRE_DATE) values (133,'jason','mallin','JMALLIN','650.127.1934',to_date('2004/06/14','yyyy/MM/DD'),'ST_CLERK',3300,null,122,50,'Jason Mallin',null);
Insert into HR.EMPLOYEES (EMPLOYEE_ID,FIRST_NAME,LAST_NAME,EMAIL,PHONE_NUMBER,HIRE_DATE,JOB_ID,SALARY,COMMISSION_PCT,MANAGER_ID,DEPARTMENT_ID,EMP_NAME,RETIRE_DATE) values (134,'michael','rogers','MROGERS','650.127.1834',to_date('2006/08/26','yyyy/MM/DD'),'ST_CLERK',2900,null,122,50,'Michael Rogers',null);
Insert into HR.EMPLOYEES (EMPLOYEE_ID,FIRST_NAME,LAST_NAME,EMAIL,PHONE_NUMBER,HIRE_DATE,JOB_ID,SALARY,COMMISSION_PCT,MANAGER_ID,DEPARTMENT_ID,EMP_NAME,RETIRE_DATE) values (135,'ki','gee','KGEE','650.127.1734',to_date('2007/12/12','yyyy/MM/DD'),'ST_CLERK',2400,null,122,50,'Ki Gee',null);
Insert into HR.EMPLOYEES (EMPLOYEE_ID,FIRST_NAME,LAST_NAME,EMAIL,PHONE_NUMBER,HIRE_DATE,JOB_ID,SALARY,COMMISSION_PCT,MANAGER_ID,DEPARTMENT_ID,EMP_NAME,RETIRE_DATE) values (136,'hazel','philtanker','HPHILTAN','650.127.1634',to_date('2008/02/06','yyyy/MM/DD'),'ST_CLERK',2200,null,122,50,'Hazel Philtanker',null);
Insert into HR.EMPLOYEES (EMPLOYEE_ID,FIRST_NAME,LAST_NAME,EMAIL,PHONE_NUMBER,HIRE_DATE,JOB_ID,SALARY,COMMISSION_PCT,MANAGER_ID,DEPARTMENT_ID,EMP_NAME,RETIRE_DATE) values (137,'renske','ladwig','RLADWIG','650.121.1234',to_date('2003/07/14','yyyy/MM/DD'),'ST_CLERK',3600,null,123,50,'Renske Ladwig',null);
Insert into HR.EMPLOYEES (EMPLOYEE_ID,FIRST_NAME,LAST_NAME,EMAIL,PHONE_NUMBER,HIRE_DATE,JOB_ID,SALARY,COMMISSION_PCT,MANAGER_ID,DEPARTMENT_ID,EMP_NAME,RETIRE_DATE) values (138,'stephen','stiles','SSTILES','650.121.2034',to_date('2005/10/26','yyyy/MM/DD'),'ST_CLERK',3200,null,123,50,'Stephen Stiles',null);
Insert into HR.EMPLOYEES (EMPLOYEE_ID,FIRST_NAME,LAST_NAME,EMAIL,PHONE_NUMBER,HIRE_DATE,JOB_ID,SALARY,COMMISSION_PCT,MANAGER_ID,DEPARTMENT_ID,EMP_NAME,RETIRE_DATE) values (139,'john','seo','JSEO','650.121.2019',to_date('2006/02/12','yyyy/MM/DD'),'ST_CLERK',2700,null,123,50,'John Seo',null);
Insert into HR.EMPLOYEES (EMPLOYEE_ID,FIRST_NAME,LAST_NAME,EMAIL,PHONE_NUMBER,HIRE_DATE,JOB_ID,SALARY,COMMISSION_PCT,MANAGER_ID,DEPARTMENT_ID,EMP_NAME,RETIRE_DATE) values (140,'joshua','patel','JPATEL','650.121.1834',to_date('2006/04/06','yyyy/MM/DD'),'ST_CLERK',2500,null,123,50,'Joshua Patel',null);
Insert into HR.EMPLOYEES (EMPLOYEE_ID,FIRST_NAME,LAST_NAME,EMAIL,PHONE_NUMBER,HIRE_DATE,JOB_ID,SALARY,COMMISSION_PCT,MANAGER_ID,DEPARTMENT_ID,EMP_NAME,RETIRE_DATE) values (141,'trenna','rajs','TRAJS','650.121.8009',to_date('2003/10/17','yyyy/MM/DD'),'ST_CLERK',3500,null,124,50,'Trenna Rajs',null);
Insert into HR.EMPLOYEES (EMPLOYEE_ID,FIRST_NAME,LAST_NAME,EMAIL,PHONE_NUMBER,HIRE_DATE,JOB_ID,SALARY,COMMISSION_PCT,MANAGER_ID,DEPARTMENT_ID,EMP_NAME,RETIRE_DATE) values (142,'curtis','davies','CDAVIES','650.121.2994',to_date('2005/01/29','yyyy/MM/DD'),'ST_CLERK',3100,null,124,50,'Curtis Davies',null);
Insert into HR.EMPLOYEES (EMPLOYEE_ID,FIRST_NAME,LAST_NAME,EMAIL,PHONE_NUMBER,HIRE_DATE,JOB_ID,SALARY,COMMISSION_PCT,MANAGER_ID,DEPARTMENT_ID,EMP_NAME,RETIRE_DATE) values (143,'randall','matos','RMATOS','650.121.2874',to_date('2006/03/15','yyyy/MM/DD'),'ST_CLERK',2600,null,124,50,'Randall Matos',null);
Insert into HR.EMPLOYEES (EMPLOYEE_ID,FIRST_NAME,LAST_NAME,EMAIL,PHONE_NUMBER,HIRE_DATE,JOB_ID,SALARY,COMMISSION_PCT,MANAGER_ID,DEPARTMENT_ID,EMP_NAME,RETIRE_DATE) values (144,'peter','vargas','PVARGAS','650.121.2004',to_date('2006/07/09','yyyy/MM/DD'),'ST_CLERK',2500,null,124,50,'Peter Vargas',null);
Insert into HR.EMPLOYEES (EMPLOYEE_ID,FIRST_NAME,LAST_NAME,EMAIL,PHONE_NUMBER,HIRE_DATE,JOB_ID,SALARY,COMMISSION_PCT,MANAGER_ID,DEPARTMENT_ID,EMP_NAME,RETIRE_DATE) values (145,'john','russell','JRUSSEL','011.44.1344.429268',to_date('2004/10/01','yyyy/MM/DD'),'SA_MAN',14000,0.4,100,80,'John Russell',null);
Insert into HR.EMPLOYEES (EMPLOYEE_ID,FIRST_NAME,LAST_NAME,EMAIL,PHONE_NUMBER,HIRE_DATE,JOB_ID,SALARY,COMMISSION_PCT,MANAGER_ID,DEPARTMENT_ID,EMP_NAME,RETIRE_DATE) values (146,'karen','partners','KPARTNER','011.44.1344.467268',to_date('2005/01/05','yyyy/MM/DD'),'SA_MAN',13500,0.3,100,80,'Karen Partners',null);
Insert into HR.EMPLOYEES (EMPLOYEE_ID,FIRST_NAME,LAST_NAME,EMAIL,PHONE_NUMBER,HIRE_DATE,JOB_ID,SALARY,COMMISSION_PCT,MANAGER_ID,DEPARTMENT_ID,EMP_NAME,RETIRE_DATE) values (147,'alberto','errazuriz','AERRAZUR','011.44.1344.429278',to_date('2005/03/10','yyyy/MM/DD'),'SA_MAN',12000,0.3,100,80,'Alberto Errazuriz',null);
Insert into HR.EMPLOYEES (EMPLOYEE_ID,FIRST_NAME,LAST_NAME,EMAIL,PHONE_NUMBER,HIRE_DATE,JOB_ID,SALARY,COMMISSION_PCT,MANAGER_ID,DEPARTMENT_ID,EMP_NAME,RETIRE_DATE) values (148,'gerald','cambrault','GCAMBRAU','011.44.1344.619268',to_date('2007/10/15','yyyy/MM/DD'),'SA_MAN',11000,0.3,100,80,'Gerald Cambrault',null);
Insert into HR.EMPLOYEES (EMPLOYEE_ID,FIRST_NAME,LAST_NAME,EMAIL,PHONE_NUMBER,HIRE_DATE,JOB_ID,SALARY,COMMISSION_PCT,MANAGER_ID,DEPARTMENT_ID,EMP_NAME,RETIRE_DATE) values (149,'eleni','zlotkey','EZLOTKEY','011.44.1344.429018',to_date('2008/01/29','yyyy/MM/DD'),'SA_MAN',10500,0.2,100,80,'Eleni Zlotkey',null);
Insert into HR.EMPLOYEES (EMPLOYEE_ID,FIRST_NAME,LAST_NAME,EMAIL,PHONE_NUMBER,HIRE_DATE,JOB_ID,SALARY,COMMISSION_PCT,MANAGER_ID,DEPARTMENT_ID,EMP_NAME,RETIRE_DATE) values (150,'peter','tucker','PTUCKER','011.44.1344.129268',to_date('2005/01/30','yyyy/MM/DD'),'SA_REP',10000,0.3,145,80,'Peter Tucker',null);
Insert into HR.EMPLOYEES (EMPLOYEE_ID,FIRST_NAME,LAST_NAME,EMAIL,PHONE_NUMBER,HIRE_DATE,JOB_ID,SALARY,COMMISSION_PCT,MANAGER_ID,DEPARTMENT_ID,EMP_NAME,RETIRE_DATE) values (151,'david','bernstein','DBERNSTE','011.44.1344.345268',to_date('2005/03/24','yyyy/MM/DD'),'SA_REP',9500,0.25,145,80,'David Bernstein',null);
Insert into HR.EMPLOYEES (EMPLOYEE_ID,FIRST_NAME,LAST_NAME,EMAIL,PHONE_NUMBER,HIRE_DATE,JOB_ID,SALARY,COMMISSION_PCT,MANAGER_ID,DEPARTMENT_ID,EMP_NAME,RETIRE_DATE) values (152,'peter','hall','PHALL','011.44.1344.478968',to_date('2005/08/20','yyyy/MM/DD'),'SA_REP',9000,0.25,145,80,'Peter Hall',null);
Insert into HR.EMPLOYEES (EMPLOYEE_ID,FIRST_NAME,LAST_NAME,EMAIL,PHONE_NUMBER,HIRE_DATE,JOB_ID,SALARY,COMMISSION_PCT,MANAGER_ID,DEPARTMENT_ID,EMP_NAME,RETIRE_DATE) values (153,'christopher','olsen','COLSEN','011.44.1344.498718',to_date('2006/03/30','yyyy/MM/DD'),'SA_REP',8000,0.2,145,80,'Christopher Olsen',null);
Insert into HR.EMPLOYEES (EMPLOYEE_ID,FIRST_NAME,LAST_NAME,EMAIL,PHONE_NUMBER,HIRE_DATE,JOB_ID,SALARY,COMMISSION_PCT,MANAGER_ID,DEPARTMENT_ID,EMP_NAME,RETIRE_DATE) values (154,'nanette','cambrault','NCAMBRAU','011.44.1344.987668',to_date('2006/12/09','yyyy/MM/DD'),'SA_REP',7500,0.2,145,80,'Nanette Cambrault',null);
Insert into HR.EMPLOYEES (EMPLOYEE_ID,FIRST_NAME,LAST_NAME,EMAIL,PHONE_NUMBER,HIRE_DATE,JOB_ID,SALARY,COMMISSION_PCT,MANAGER_ID,DEPARTMENT_ID,EMP_NAME,RETIRE_DATE) values (155,'oliver','tuvault','OTUVAULT','011.44.1344.486508',to_date('2007/11/23','yyyy/MM/DD'),'SA_REP',7000,0.15,145,80,'Oliver Tuvault',null);
Insert into HR.EMPLOYEES (EMPLOYEE_ID,FIRST_NAME,LAST_NAME,EMAIL,PHONE_NUMBER,HIRE_DATE,JOB_ID,SALARY,COMMISSION_PCT,MANAGER_ID,DEPARTMENT_ID,EMP_NAME,RETIRE_DATE) values (156,'janette','king','JKING','011.44.1345.429268',to_date('2004/01/30','yyyy/MM/DD'),'SA_REP',10000,0.35,146,80,'Janette King',null);
Insert into HR.EMPLOYEES (EMPLOYEE_ID,FIRST_NAME,LAST_NAME,EMAIL,PHONE_NUMBER,HIRE_DATE,JOB_ID,SALARY,COMMISSION_PCT,MANAGER_ID,DEPARTMENT_ID,EMP_NAME,RETIRE_DATE) values (157,'patrick','sully','PSULLY','011.44.1345.929268',to_date('2004/03/04','yyyy/MM/DD'),'SA_REP',9500,0.35,146,80,'Patrick Sully',null);
Insert into HR.EMPLOYEES (EMPLOYEE_ID,FIRST_NAME,LAST_NAME,EMAIL,PHONE_NUMBER,HIRE_DATE,JOB_ID,SALARY,COMMISSION_PCT,MANAGER_ID,DEPARTMENT_ID,EMP_NAME,RETIRE_DATE) values (158,'allan','mcewen','AMCEWEN','011.44.1345.829268',to_date('2004/08/01','yyyy/MM/DD'),'SA_REP',9000,0.35,146,80,'Allan McEwen',null);
Insert into HR.EMPLOYEES (EMPLOYEE_ID,FIRST_NAME,LAST_NAME,EMAIL,PHONE_NUMBER,HIRE_DATE,JOB_ID,SALARY,COMMISSION_PCT,MANAGER_ID,DEPARTMENT_ID,EMP_NAME,RETIRE_DATE) values (159,'lindsey','smith','LSMITH','011.44.1345.729268',to_date('2005/03/10','yyyy/MM/DD'),'SA_REP',8000,0.3,146,80,'Lindsey Smith',null);
Insert into HR.EMPLOYEES (EMPLOYEE_ID,FIRST_NAME,LAST_NAME,EMAIL,PHONE_NUMBER,HIRE_DATE,JOB_ID,SALARY,COMMISSION_PCT,MANAGER_ID,DEPARTMENT_ID,EMP_NAME,RETIRE_DATE) values (160,'louise','doran','LDORAN','011.44.1345.629268',to_date('2005/12/15','yyyy/MM/DD'),'SA_REP',7500,0.3,146,80,'Louise Doran',null);
Insert into HR.EMPLOYEES (EMPLOYEE_ID,FIRST_NAME,LAST_NAME,EMAIL,PHONE_NUMBER,HIRE_DATE,JOB_ID,SALARY,COMMISSION_PCT,MANAGER_ID,DEPARTMENT_ID,EMP_NAME,RETIRE_DATE) values (161,'sarath','sewall','SSEWALL','011.44.1345.529268',to_date('2006/11/03','yyyy/MM/DD'),'SA_REP',7000,0.25,146,80,'Sarath Sewall',null);
Insert into HR.EMPLOYEES (EMPLOYEE_ID,FIRST_NAME,LAST_NAME,EMAIL,PHONE_NUMBER,HIRE_DATE,JOB_ID,SALARY,COMMISSION_PCT,MANAGER_ID,DEPARTMENT_ID,EMP_NAME,RETIRE_DATE) values (162,'clara','vishney','CVISHNEY','011.44.1346.129268',to_date('2005/11/11','yyyy/MM/DD'),'SA_REP',10500,0.25,147,80,'Clara Vishney',null);
Insert into HR.EMPLOYEES (EMPLOYEE_ID,FIRST_NAME,LAST_NAME,EMAIL,PHONE_NUMBER,HIRE_DATE,JOB_ID,SALARY,COMMISSION_PCT,MANAGER_ID,DEPARTMENT_ID,EMP_NAME,RETIRE_DATE) values (164,'mattea','marvins','MMARVINS','011.44.1346.329268',to_date('2008/01/24','yyyy/MM/DD'),'SA_REP',7200,0.1,147,80,'Mattea Marvins',null);
Insert into HR.EMPLOYEES (EMPLOYEE_ID,FIRST_NAME,LAST_NAME,EMAIL,PHONE_NUMBER,HIRE_DATE,JOB_ID,SALARY,COMMISSION_PCT,MANAGER_ID,DEPARTMENT_ID,EMP_NAME,RETIRE_DATE) values (165,'david','lee','DLEE','011.44.1346.529268',to_date('2008/02/23','yyyy/MM/DD'),'SA_REP',6800,0.1,147,80,'David Lee',null);
Insert into HR.EMPLOYEES (EMPLOYEE_ID,FIRST_NAME,LAST_NAME,EMAIL,PHONE_NUMBER,HIRE_DATE,JOB_ID,SALARY,COMMISSION_PCT,MANAGER_ID,DEPARTMENT_ID,EMP_NAME,RETIRE_DATE) values (166,'sundar','ande','SANDE','011.44.1346.629268',to_date('2008/03/24','yyyy/MM/DD'),'SA_REP',6400,0.1,147,80,'Sundar Ande',null);
Insert into HR.EMPLOYEES (EMPLOYEE_ID,FIRST_NAME,LAST_NAME,EMAIL,PHONE_NUMBER,HIRE_DATE,JOB_ID,SALARY,COMMISSION_PCT,MANAGER_ID,DEPARTMENT_ID,EMP_NAME,RETIRE_DATE) values (167,'amit','banda','ABANDA','011.44.1346.729268',to_date('2008/04/21','yyyy/MM/DD'),'SA_REP',6200,0.1,147,80,'Amit Banda',null);
Insert into HR.EMPLOYEES (EMPLOYEE_ID,FIRST_NAME,LAST_NAME,EMAIL,PHONE_NUMBER,HIRE_DATE,JOB_ID,SALARY,COMMISSION_PCT,MANAGER_ID,DEPARTMENT_ID,EMP_NAME,RETIRE_DATE) values (168,'lisa','ozer','LOZER','011.44.1343.929268',to_date('2005/03/11','yyyy/MM/DD'),'SA_REP',11500,0.25,148,80,'Lisa Ozer',null);
Insert into HR.EMPLOYEES (EMPLOYEE_ID,FIRST_NAME,LAST_NAME,EMAIL,PHONE_NUMBER,HIRE_DATE,JOB_ID,SALARY,COMMISSION_PCT,MANAGER_ID,DEPARTMENT_ID,EMP_NAME,RETIRE_DATE) values (169,'harrison','bloom','HBLOOM','011.44.1343.829268',to_date('2006/03/23','yyyy/MM/DD'),'SA_REP',10000,0.2,148,80,'Harrison Bloom',null);
Insert into HR.EMPLOYEES (EMPLOYEE_ID,FIRST_NAME,LAST_NAME,EMAIL,PHONE_NUMBER,HIRE_DATE,JOB_ID,SALARY,COMMISSION_PCT,MANAGER_ID,DEPARTMENT_ID,EMP_NAME,RETIRE_DATE) values (171,'william','smith','WSMITH','011.44.1343.629268',to_date('2007/02/23','yyyy/MM/DD'),'SA_REP',7400,0.15,148,80,'William Smith',null);
Insert into HR.EMPLOYEES (EMPLOYEE_ID,FIRST_NAME,LAST_NAME,EMAIL,PHONE_NUMBER,HIRE_DATE,JOB_ID,SALARY,COMMISSION_PCT,MANAGER_ID,DEPARTMENT_ID,EMP_NAME,RETIRE_DATE) values (172,'elizabeth','bates','EBATES','011.44.1343.529268',to_date('2007/03/24','yyyy/MM/DD'),'SA_REP',7300,0.15,148,80,'Elizabeth Bates',null);
Insert into HR.EMPLOYEES (EMPLOYEE_ID,FIRST_NAME,LAST_NAME,EMAIL,PHONE_NUMBER,HIRE_DATE,JOB_ID,SALARY,COMMISSION_PCT,MANAGER_ID,DEPARTMENT_ID,EMP_NAME,RETIRE_DATE) values (173,'sundita','kumar','SKUMAR','011.44.1343.329268',to_date('2008/04/21','yyyy/MM/DD'),'SA_REP',6100,0.1,148,80,'Sundita Kumar',null);
Insert into HR.EMPLOYEES (EMPLOYEE_ID,FIRST_NAME,LAST_NAME,EMAIL,PHONE_NUMBER,HIRE_DATE,JOB_ID,SALARY,COMMISSION_PCT,MANAGER_ID,DEPARTMENT_ID,EMP_NAME,RETIRE_DATE) values (174,'ellen','abel','EABEL','011.44.1644.429267',to_date('2004/05/11','yyyy/MM/DD'),'SA_REP',11000,0.3,149,80,'Ellen Abel',null);
Insert into HR.EMPLOYEES (EMPLOYEE_ID,FIRST_NAME,LAST_NAME,EMAIL,PHONE_NUMBER,HIRE_DATE,JOB_ID,SALARY,COMMISSION_PCT,MANAGER_ID,DEPARTMENT_ID,EMP_NAME,RETIRE_DATE) values (176,'jonathon','taylor','JTAYLOR','011.44.1644.429265',to_date('2006/03/24','yyyy/MM/DD'),'SA_REP',8600,0.2,149,80,'Jonathon Taylor',null);
Insert into HR.EMPLOYEES (EMPLOYEE_ID,FIRST_NAME,LAST_NAME,EMAIL,PHONE_NUMBER,HIRE_DATE,JOB_ID,SALARY,COMMISSION_PCT,MANAGER_ID,DEPARTMENT_ID,EMP_NAME,RETIRE_DATE) values (177,'jack','livingston','JLIVINGS','011.44.1644.429264',to_date('2006/04/23','yyyy/MM/DD'),'SA_REP',8400,0.2,149,80,'Jack Livingston',null);
Insert into HR.EMPLOYEES (EMPLOYEE_ID,FIRST_NAME,LAST_NAME,EMAIL,PHONE_NUMBER,HIRE_DATE,JOB_ID,SALARY,COMMISSION_PCT,MANAGER_ID,DEPARTMENT_ID,EMP_NAME,RETIRE_DATE) values (178,'kimberely','grant','KGRANT','011.44.1644.429263',to_date('2007/05/24','yyyy/MM/DD'),'SA_REP',7000,0.15,149,null,'Kimberely Grant',null);
Insert into HR.EMPLOYEES (EMPLOYEE_ID,FIRST_NAME,LAST_NAME,EMAIL,PHONE_NUMBER,HIRE_DATE,JOB_ID,SALARY,COMMISSION_PCT,MANAGER_ID,DEPARTMENT_ID,EMP_NAME,RETIRE_DATE) values (179,'charles','johnson','CJOHNSON','011.44.1644.429262',to_date('2008/01/04','yyyy/MM/DD'),'SA_REP',6200,0.1,149,80,'Charles Johnson',null);
Insert into HR.EMPLOYEES (EMPLOYEE_ID,FIRST_NAME,LAST_NAME,EMAIL,PHONE_NUMBER,HIRE_DATE,JOB_ID,SALARY,COMMISSION_PCT,MANAGER_ID,DEPARTMENT_ID,EMP_NAME,RETIRE_DATE) values (181,'jean','fleaur','JFLEAUR','650.507.9877',to_date('2006/02/23','yyyy/MM/DD'),'SH_CLERK',3100,null,120,50,'Jean Fleaur',null);
Insert into HR.EMPLOYEES (EMPLOYEE_ID,FIRST_NAME,LAST_NAME,EMAIL,PHONE_NUMBER,HIRE_DATE,JOB_ID,SALARY,COMMISSION_PCT,MANAGER_ID,DEPARTMENT_ID,EMP_NAME,RETIRE_DATE) values (182,'martha','sullivan','MSULLIVA','650.507.9878',to_date('2007/06/21','yyyy/MM/DD'),'SH_CLERK',2500,null,120,50,'Martha Sullivan',null);
Insert into HR.EMPLOYEES (EMPLOYEE_ID,FIRST_NAME,LAST_NAME,EMAIL,PHONE_NUMBER,HIRE_DATE,JOB_ID,SALARY,COMMISSION_PCT,MANAGER_ID,DEPARTMENT_ID,EMP_NAME,RETIRE_DATE) values (183,'girard','geoni','GGEONI','650.507.9879',to_date('2008/02/03','yyyy/MM/DD'),'SH_CLERK',2800,null,120,50,'Girard Geoni',null);
Insert into HR.EMPLOYEES (EMPLOYEE_ID,FIRST_NAME,LAST_NAME,EMAIL,PHONE_NUMBER,HIRE_DATE,JOB_ID,SALARY,COMMISSION_PCT,MANAGER_ID,DEPARTMENT_ID,EMP_NAME,RETIRE_DATE) values (184,'nandita','sarchand','NSARCHAN','650.509.1876',to_date('2004/01/27','yyyy/MM/DD'),'SH_CLERK',4200,null,121,50,'Nandita Sarchand',null);
Insert into HR.EMPLOYEES (EMPLOYEE_ID,FIRST_NAME,LAST_NAME,EMAIL,PHONE_NUMBER,HIRE_DATE,JOB_ID,SALARY,COMMISSION_PCT,MANAGER_ID,DEPARTMENT_ID,EMP_NAME,RETIRE_DATE) values (185,'alexis','bull','ABULL','650.509.2876',to_date('2005/02/20','yyyy/MM/DD'),'SH_CLERK',4100,null,121,50,'Alexis Bull',null);
Insert into HR.EMPLOYEES (EMPLOYEE_ID,FIRST_NAME,LAST_NAME,EMAIL,PHONE_NUMBER,HIRE_DATE,JOB_ID,SALARY,COMMISSION_PCT,MANAGER_ID,DEPARTMENT_ID,EMP_NAME,RETIRE_DATE) values (187,'anthony','cabrio','ACABRIO','650.509.4876',to_date('2007/02/07','yyyy/MM/DD'),'SH_CLERK',3000,null,121,50,'Anthony Cabrio',null);
Insert into HR.EMPLOYEES (EMPLOYEE_ID,FIRST_NAME,LAST_NAME,EMAIL,PHONE_NUMBER,HIRE_DATE,JOB_ID,SALARY,COMMISSION_PCT,MANAGER_ID,DEPARTMENT_ID,EMP_NAME,RETIRE_DATE) values (188,'kelly','chung','KCHUNG','650.505.1876',to_date('2005/06/14','yyyy/MM/DD'),'SH_CLERK',3800,null,122,50,'Kelly Chung',null);
Insert into HR.EMPLOYEES (EMPLOYEE_ID,FIRST_NAME,LAST_NAME,EMAIL,PHONE_NUMBER,HIRE_DATE,JOB_ID,SALARY,COMMISSION_PCT,MANAGER_ID,DEPARTMENT_ID,EMP_NAME,RETIRE_DATE) values (189,'jennifer','dilly','JDILLY','650.505.2876',to_date('2005/08/13','yyyy/MM/DD'),'SH_CLERK',3600,null,122,50,'Jennifer Dilly',null);
Insert into HR.EMPLOYEES (EMPLOYEE_ID,FIRST_NAME,LAST_NAME,EMAIL,PHONE_NUMBER,HIRE_DATE,JOB_ID,SALARY,COMMISSION_PCT,MANAGER_ID,DEPARTMENT_ID,EMP_NAME,RETIRE_DATE) values (190,'timothy','gates','TGATES','650.505.3876',to_date('2006/07/11','yyyy/MM/DD'),'SH_CLERK',2900,null,122,50,'Timothy Gates',null);
Insert into HR.EMPLOYEES (EMPLOYEE_ID,FIRST_NAME,LAST_NAME,EMAIL,PHONE_NUMBER,HIRE_DATE,JOB_ID,SALARY,COMMISSION_PCT,MANAGER_ID,DEPARTMENT_ID,EMP_NAME,RETIRE_DATE) values (192,'sarah','bell','SBELL','650.501.1876',to_date('2004/02/04','yyyy/MM/DD'),'SH_CLERK',4000,null,123,50,'Sarah Bell',null);
Insert into HR.EMPLOYEES (EMPLOYEE_ID,FIRST_NAME,LAST_NAME,EMAIL,PHONE_NUMBER,HIRE_DATE,JOB_ID,SALARY,COMMISSION_PCT,MANAGER_ID,DEPARTMENT_ID,EMP_NAME,RETIRE_DATE) values (193,'britney','everett','BEVERETT','650.501.2876',to_date('2005/03/03','yyyy/MM/DD'),'SH_CLERK',3900,null,123,50,'Britney Everett',null);
Insert into HR.EMPLOYEES (EMPLOYEE_ID,FIRST_NAME,LAST_NAME,EMAIL,PHONE_NUMBER,HIRE_DATE,JOB_ID,SALARY,COMMISSION_PCT,MANAGER_ID,DEPARTMENT_ID,EMP_NAME,RETIRE_DATE) values (194,'samuel','mccain','SMCCAIN','650.501.3876',to_date('2006/07/01','yyyy/MM/DD'),'SH_CLERK',3200,null,123,50,'Samuel McCain',null);
Insert into HR.EMPLOYEES (EMPLOYEE_ID,FIRST_NAME,LAST_NAME,EMAIL,PHONE_NUMBER,HIRE_DATE,JOB_ID,SALARY,COMMISSION_PCT,MANAGER_ID,DEPARTMENT_ID,EMP_NAME,RETIRE_DATE) values (195,'vance','jones','VJONES','650.501.4876',to_date('2007/03/17','yyyy/MM/DD'),'SH_CLERK',2800,null,123,50,'Vance Jones',null);
Insert into HR.EMPLOYEES (EMPLOYEE_ID,FIRST_NAME,LAST_NAME,EMAIL,PHONE_NUMBER,HIRE_DATE,JOB_ID,SALARY,COMMISSION_PCT,MANAGER_ID,DEPARTMENT_ID,EMP_NAME,RETIRE_DATE) values (196,'alana','walsh','AWALSH','650.507.9811',to_date('2006/04/24','yyyy/MM/DD'),'SH_CLERK',3100,null,124,50,'Alana Walsh',null);
Insert into HR.EMPLOYEES (EMPLOYEE_ID,FIRST_NAME,LAST_NAME,EMAIL,PHONE_NUMBER,HIRE_DATE,JOB_ID,SALARY,COMMISSION_PCT,MANAGER_ID,DEPARTMENT_ID,EMP_NAME,RETIRE_DATE) values (198,'donald','oconnell','DOCONNEL','650.507.9833',to_date('2007/06/21','yyyy/MM/DD'),'SH_CLERK',2600,null,124,50,'Donald OConnell',null);
Insert into HR.EMPLOYEES (EMPLOYEE_ID,FIRST_NAME,LAST_NAME,EMAIL,PHONE_NUMBER,HIRE_DATE,JOB_ID,SALARY,COMMISSION_PCT,MANAGER_ID,DEPARTMENT_ID,EMP_NAME,RETIRE_DATE) values (199,'douglas','grant','DGRANT','650.507.9844',to_date('2008/01/13','yyyy/MM/DD'),'SH_CLERK',2600,null,124,50,'Douglas Grant',null);
Insert into HR.EMPLOYEES (EMPLOYEE_ID,FIRST_NAME,LAST_NAME,EMAIL,PHONE_NUMBER,HIRE_DATE,JOB_ID,SALARY,COMMISSION_PCT,MANAGER_ID,DEPARTMENT_ID,EMP_NAME,RETIRE_DATE) values (200,'jennifer','whalen','JWHALEN','515.123.4444',to_date('2003/09/17','yyyy/MM/DD'),'AD_ASST',4400,null,101,10,'Jennifer Whalen',null);
Insert into HR.EMPLOYEES (EMPLOYEE_ID,FIRST_NAME,LAST_NAME,EMAIL,PHONE_NUMBER,HIRE_DATE,JOB_ID,SALARY,COMMISSION_PCT,MANAGER_ID,DEPARTMENT_ID,EMP_NAME,RETIRE_DATE) values (201,'michael','hartstein','MHARTSTE','515.123.5555',to_date('2004/02/17','yyyy/MM/DD'),'MK_MAN',13000,null,100,20,'Michael Hartstein',null);
Insert into HR.EMPLOYEES (EMPLOYEE_ID,FIRST_NAME,LAST_NAME,EMAIL,PHONE_NUMBER,HIRE_DATE,JOB_ID,SALARY,COMMISSION_PCT,MANAGER_ID,DEPARTMENT_ID,EMP_NAME,RETIRE_DATE) values (202,'pat','fay','PFAY','603.123.6666',to_date('2005/08/17','yyyy/MM/DD'),'MK_REP',6000,null,201,20,'Pat Fay',null);
Insert into HR.EMPLOYEES (EMPLOYEE_ID,FIRST_NAME,LAST_NAME,EMAIL,PHONE_NUMBER,HIRE_DATE,JOB_ID,SALARY,COMMISSION_PCT,MANAGER_ID,DEPARTMENT_ID,EMP_NAME,RETIRE_DATE) values (203,'susan','mavris','SMAVRIS','515.123.7777',to_date('2002/06/07','yyyy/MM/DD'),'HR_REP',6500,null,101,40,'Susan Mavris',to_date('2022/02/08','yyyy/MM/DD'));
Insert into HR.EMPLOYEES (EMPLOYEE_ID,FIRST_NAME,LAST_NAME,EMAIL,PHONE_NUMBER,HIRE_DATE,JOB_ID,SALARY,COMMISSION_PCT,MANAGER_ID,DEPARTMENT_ID,EMP_NAME,RETIRE_DATE) values (204,'hermann','baer','HBAER','515.123.8888',to_date('2002/06/07','yyyy/MM/DD'),'PR_REP',10000,null,101,70,'Hermann Baer',to_date('2022/02/08','yyyy/MM/DD'));
Insert into HR.EMPLOYEES (EMPLOYEE_ID,FIRST_NAME,LAST_NAME,EMAIL,PHONE_NUMBER,HIRE_DATE,JOB_ID,SALARY,COMMISSION_PCT,MANAGER_ID,DEPARTMENT_ID,EMP_NAME,RETIRE_DATE) values (205,'shelley','higgins','SHIGGINS','515.123.8080',to_date('2002/06/07','yyyy/MM/DD'),'AC_MGR',12008,null,101,110,'Shelley Higgins',to_date('2022/02/08','yyyy/MM/DD'));
Insert into HR.EMPLOYEES (EMPLOYEE_ID,FIRST_NAME,LAST_NAME,EMAIL,PHONE_NUMBER,HIRE_DATE,JOB_ID,SALARY,COMMISSION_PCT,MANAGER_ID,DEPARTMENT_ID,EMP_NAME,RETIRE_DATE) values (206,'william','gietz','WGIETZ','515.123.8181',to_date('2002/06/07','yyyy/MM/DD'),'AC_ACCOUNT',8300,null,205,110,'William Gietz',to_date('2022/02/08','yyyy/MM/DD'));
REM INSERTING into HR.JOBS
SET DEFINE OFF;
Insert into HR.JOBS (JOB_ID,JOB_TITLE,MIN_SALARY,MAX_SALARY) values ('AD_PRES','President',20080,40000);
Insert into HR.JOBS (JOB_ID,JOB_TITLE,MIN_SALARY,MAX_SALARY) values ('AD_VP','Administration Vice President',15000,30000);
Insert into HR.JOBS (JOB_ID,JOB_TITLE,MIN_SALARY,MAX_SALARY) values ('AD_ASST','Administration Assistant',3000,6000);
Insert into HR.JOBS (JOB_ID,JOB_TITLE,MIN_SALARY,MAX_SALARY) values ('FI_MGR','Finance Manager',8200,16000);
Insert into HR.JOBS (JOB_ID,JOB_TITLE,MIN_SALARY,MAX_SALARY) values ('FI_ACCOUNT','Accountant',4200,9000);
Insert into HR.JOBS (JOB_ID,JOB_TITLE,MIN_SALARY,MAX_SALARY) values ('AC_MGR','Accounting Manager',8200,16000);
Insert into HR.JOBS (JOB_ID,JOB_TITLE,MIN_SALARY,MAX_SALARY) values ('AC_ACCOUNT','Public Accountant',4200,9000);
Insert into HR.JOBS (JOB_ID,JOB_TITLE,MIN_SALARY,MAX_SALARY) values ('SA_MAN','Sales Manager',10000,20080);
Insert into HR.JOBS (JOB_ID,JOB_TITLE,MIN_SALARY,MAX_SALARY) values ('SA_REP','Sales Representative',6000,12008);
Insert into HR.JOBS (JOB_ID,JOB_TITLE,MIN_SALARY,MAX_SALARY) values ('PU_MAN','Purchasing Manager',8000,15000);
Insert into HR.JOBS (JOB_ID,JOB_TITLE,MIN_SALARY,MAX_SALARY) values ('PU_CLERK','Purchasing Clerk',2500,5500);
Insert into HR.JOBS (JOB_ID,JOB_TITLE,MIN_SALARY,MAX_SALARY) values ('ST_MAN','Stock Manager',5500,8500);
Insert into HR.JOBS (JOB_ID,JOB_TITLE,MIN_SALARY,MAX_SALARY) values ('ST_CLERK','Stock Clerk',2008,5000);
Insert into HR.JOBS (JOB_ID,JOB_TITLE,MIN_SALARY,MAX_SALARY) values ('SH_CLERK','Shipping Clerk',2500,5500);
Insert into HR.JOBS (JOB_ID,JOB_TITLE,MIN_SALARY,MAX_SALARY) values ('IT_PROG','Programmer',4000,10000);
Insert into HR.JOBS (JOB_ID,JOB_TITLE,MIN_SALARY,MAX_SALARY) values ('MK_MAN','Marketing Manager',9000,15000);
Insert into HR.JOBS (JOB_ID,JOB_TITLE,MIN_SALARY,MAX_SALARY) values ('MK_REP','Marketing Representative',4000,9000);
Insert into HR.JOBS (JOB_ID,JOB_TITLE,MIN_SALARY,MAX_SALARY) values ('HR_REP','Human Resources Representative',4000,9000);
Insert into HR.JOBS (JOB_ID,JOB_TITLE,MIN_SALARY,MAX_SALARY) values ('PR_REP','Public Relations Representative',4500,10500);
REM INSERTING into HR.JOB_HISTORY
SET DEFINE OFF;
Insert into HR.JOB_HISTORY (EMPLOYEE_ID,START_DATE,END_DATE,JOB_ID,DEPARTMENT_ID) values (102,to_date('2001/01/13','yyyy/MM/DD'),to_date('2006/07/24','yyyy/MM/DD'),'IT_PROG',60);
Insert into HR.JOB_HISTORY (EMPLOYEE_ID,START_DATE,END_DATE,JOB_ID,DEPARTMENT_ID) values (101,to_date('1997/09/21','yyyy/MM/DD'),to_date('2001/10/27','yyyy/MM/DD'),'AC_ACCOUNT',110);
Insert into HR.JOB_HISTORY (EMPLOYEE_ID,START_DATE,END_DATE,JOB_ID,DEPARTMENT_ID) values (101,to_date('2001/10/28','yyyy/MM/DD'),to_date('2005/03/15','yyyy/MM/DD'),'AC_MGR',110);
Insert into HR.JOB_HISTORY (EMPLOYEE_ID,START_DATE,END_DATE,JOB_ID,DEPARTMENT_ID) values (201,to_date('2004/02/17','yyyy/MM/DD'),to_date('2007/12/19','yyyy/MM/DD'),'MK_REP',20);
Insert into HR.JOB_HISTORY (EMPLOYEE_ID,START_DATE,END_DATE,JOB_ID,DEPARTMENT_ID) values (114,to_date('2006/03/24','yyyy/MM/DD'),to_date('2007/12/31','yyyy/MM/DD'),'ST_CLERK',50);
Insert into HR.JOB_HISTORY (EMPLOYEE_ID,START_DATE,END_DATE,JOB_ID,DEPARTMENT_ID) values (122,to_date('2007/01/01','yyyy/MM/DD'),to_date('2007/12/31','yyyy/MM/DD'),'ST_CLERK',50);
Insert into HR.JOB_HISTORY (EMPLOYEE_ID,START_DATE,END_DATE,JOB_ID,DEPARTMENT_ID) values (200,to_date('1995/09/17','yyyy/MM/DD'),to_date('2001/06/17','yyyy/MM/DD'),'AD_ASST',90);
Insert into HR.JOB_HISTORY (EMPLOYEE_ID,START_DATE,END_DATE,JOB_ID,DEPARTMENT_ID) values (176,to_date('2006/03/24','yyyy/MM/DD'),to_date('2006/12/31','yyyy/MM/DD'),'SA_REP',80);
Insert into HR.JOB_HISTORY (EMPLOYEE_ID,START_DATE,END_DATE,JOB_ID,DEPARTMENT_ID) values (176,to_date('2007/01/01','yyyy/MM/DD'),to_date('2007/12/31','yyyy/MM/DD'),'SA_MAN',80);
Insert into HR.JOB_HISTORY (EMPLOYEE_ID,START_DATE,END_DATE,JOB_ID,DEPARTMENT_ID) values (200,to_date('2002/07/01','yyyy/MM/DD'),to_date('2006/12/31','yyyy/MM/DD'),'AC_ACCOUNT',90);
REM INSERTING into HR.LOCATIONS
SET DEFINE OFF;
Insert into HR.LOCATIONS (LOCATION_ID,STREET_ADDRESS,POSTAL_CODE,CITY,STATE_PROVINCE,COUNTRY_ID) values (1000,'1297 Via Cola di Rie','00989','Roma',null,'IT');
Insert into HR.LOCATIONS (LOCATION_ID,STREET_ADDRESS,POSTAL_CODE,CITY,STATE_PROVINCE,COUNTRY_ID) values (1100,'93091 Calle della Testa','10934','Venice',null,'IT');
Insert into HR.LOCATIONS (LOCATION_ID,STREET_ADDRESS,POSTAL_CODE,CITY,STATE_PROVINCE,COUNTRY_ID) values (1200,'2017 Shinjuku-ku','1689','Tokyo','Tokyo Prefecture','JP');
Insert into HR.LOCATIONS (LOCATION_ID,STREET_ADDRESS,POSTAL_CODE,CITY,STATE_PROVINCE,COUNTRY_ID) values (1300,'9450 Kamiya-cho','6823','Hiroshima',null,'JP');
Insert into HR.LOCATIONS (LOCATION_ID,STREET_ADDRESS,POSTAL_CODE,CITY,STATE_PROVINCE,COUNTRY_ID) values (1400,'2014 Jabberwocky Rd','26192','Southlake','Texas','US');
Insert into HR.LOCATIONS (LOCATION_ID,STREET_ADDRESS,POSTAL_CODE,CITY,STATE_PROVINCE,COUNTRY_ID) values (1500,'2011 Interiors Blvd','99236','South San Francisco','California','US');
Insert into HR.LOCATIONS (LOCATION_ID,STREET_ADDRESS,POSTAL_CODE,CITY,STATE_PROVINCE,COUNTRY_ID) values (1600,'2007 Zagora St','50090','South Brunswick','New Jersey','US');
Insert into HR.LOCATIONS (LOCATION_ID,STREET_ADDRESS,POSTAL_CODE,CITY,STATE_PROVINCE,COUNTRY_ID) values (1700,'2004 Charade Rd','98199','Seattle','Washington','US');
Insert into HR.LOCATIONS (LOCATION_ID,STREET_ADDRESS,POSTAL_CODE,CITY,STATE_PROVINCE,COUNTRY_ID) values (1800,'147 Spadina Ave','M5V 2L7','Toronto','Ontario','CA');
Insert into HR.LOCATIONS (LOCATION_ID,STREET_ADDRESS,POSTAL_CODE,CITY,STATE_PROVINCE,COUNTRY_ID) values (1900,'6092 Boxwood St','YSW 9T2','Whitehorse','Yukon','CA');
Insert into HR.LOCATIONS (LOCATION_ID,STREET_ADDRESS,POSTAL_CODE,CITY,STATE_PROVINCE,COUNTRY_ID) values (2000,'40-5-12 Laogianggen','190518','Beijing',null,'CN');
Insert into HR.LOCATIONS (LOCATION_ID,STREET_ADDRESS,POSTAL_CODE,CITY,STATE_PROVINCE,COUNTRY_ID) values (2100,'1298 Vileparle (E)','490231','Bombay','Maharashtra','IN');
Insert into HR.LOCATIONS (LOCATION_ID,STREET_ADDRESS,POSTAL_CODE,CITY,STATE_PROVINCE,COUNTRY_ID) values (2200,'12-98 Victoria Street','2901','Sydney','New South Wales','AU');
Insert into HR.LOCATIONS (LOCATION_ID,STREET_ADDRESS,POSTAL_CODE,CITY,STATE_PROVINCE,COUNTRY_ID) values (2300,'198 Clementi North','540198','Singapore',null,'SG');
Insert into HR.LOCATIONS (LOCATION_ID,STREET_ADDRESS,POSTAL_CODE,CITY,STATE_PROVINCE,COUNTRY_ID) values (2400,'8204 Arthur St',null,'London',null,'UK');
Insert into HR.LOCATIONS (LOCATION_ID,STREET_ADDRESS,POSTAL_CODE,CITY,STATE_PROVINCE,COUNTRY_ID) values (2500,'Magdalen Centre, The Oxford Science Park','OX9 9ZB','Oxford','Oxford','UK');
Insert into HR.LOCATIONS (LOCATION_ID,STREET_ADDRESS,POSTAL_CODE,CITY,STATE_PROVINCE,COUNTRY_ID) values (2600,'9702 Chester Road','09629850293','Stretford','Manchester','UK');
Insert into HR.LOCATIONS (LOCATION_ID,STREET_ADDRESS,POSTAL_CODE,CITY,STATE_PROVINCE,COUNTRY_ID) values (2700,'Schwanthalerstr. 7031','80925','Munich','Bavaria','DE');
Insert into HR.LOCATIONS (LOCATION_ID,STREET_ADDRESS,POSTAL_CODE,CITY,STATE_PROVINCE,COUNTRY_ID) values (2800,'Rua Frei Caneca 1360 ','01307-002','Sao Paulo','Sao Paulo','BR');
Insert into HR.LOCATIONS (LOCATION_ID,STREET_ADDRESS,POSTAL_CODE,CITY,STATE_PROVINCE,COUNTRY_ID) values (2900,'20 Rue des Corps-Saints','1730','Geneva','Geneve','CH');
Insert into HR.LOCATIONS (LOCATION_ID,STREET_ADDRESS,POSTAL_CODE,CITY,STATE_PROVINCE,COUNTRY_ID) values (3000,'Murtenstrasse 921','3095','Bern','BE','CH');
Insert into HR.LOCATIONS (LOCATION_ID,STREET_ADDRESS,POSTAL_CODE,CITY,STATE_PROVINCE,COUNTRY_ID) values (3100,'Pieter Breughelstraat 837','3029SK','Utrecht','Utrecht','NL');
Insert into HR.LOCATIONS (LOCATION_ID,STREET_ADDRESS,POSTAL_CODE,CITY,STATE_PROVINCE,COUNTRY_ID) values (3200,'Mariano Escobedo 9991','11932','Mexico City','Distrito Federal,','MX');
REM INSERTING into HR.REGIONS
SET DEFINE OFF;
Insert into HR.REGIONS (REGION_ID,REGION_NAME) values (1,'Europe');
Insert into HR.REGIONS (REGION_ID,REGION_NAME) values (2,'Americas');
Insert into HR.REGIONS (REGION_ID,REGION_NAME) values (3,'Asia');
Insert into HR.REGIONS (REGION_ID,REGION_NAME) values (4,'Middle East and Africa');
REM INSERTING into HR.RETIRES
SET DEFINE OFF;
Insert into HR.RETIRES (EMPLOYEE_ID,RETIRE_DATE,JOB_ID,DEPARTMENT_ID) values (102,to_date('2022/02/08','yyyy/MM/DD'),'AD_VP',90);
Insert into HR.RETIRES (EMPLOYEE_ID,RETIRE_DATE,JOB_ID,DEPARTMENT_ID) values (108,to_date('2022/02/08','yyyy/MM/DD'),'FI_MGR',100);
Insert into HR.RETIRES (EMPLOYEE_ID,RETIRE_DATE,JOB_ID,DEPARTMENT_ID) values (109,to_date('2022/02/08','yyyy/MM/DD'),'FI_ACCOUNT',100);
Insert into HR.RETIRES (EMPLOYEE_ID,RETIRE_DATE,JOB_ID,DEPARTMENT_ID) values (114,to_date('2022/02/08','yyyy/MM/DD'),'PU_MAN',30);
Insert into HR.RETIRES (EMPLOYEE_ID,RETIRE_DATE,JOB_ID,DEPARTMENT_ID) values (203,to_date('2022/02/08','yyyy/MM/DD'),'HR_REP',40);
Insert into HR.RETIRES (EMPLOYEE_ID,RETIRE_DATE,JOB_ID,DEPARTMENT_ID) values (204,to_date('2022/02/08','yyyy/MM/DD'),'PR_REP',70);
Insert into HR.RETIRES (EMPLOYEE_ID,RETIRE_DATE,JOB_ID,DEPARTMENT_ID) values (205,to_date('2022/02/08','yyyy/MM/DD'),'AC_MGR',110);
Insert into HR.RETIRES (EMPLOYEE_ID,RETIRE_DATE,JOB_ID,DEPARTMENT_ID) values (206,to_date('2022/02/08','yyyy/MM/DD'),'AC_ACCOUNT',110);
--------------------------------------------------------
--  DDL for Index PK_RETIRES
--------------------------------------------------------

  CREATE UNIQUE INDEX "HR"."PK_RETIRES" ON "HR"."RETIRES" ("EMPLOYEE_ID") 
  PCTFREE 10 INITRANS 2 MAXTRANS 255 COMPUTE STATISTICS 
  STORAGE(INITIAL 65536 NEXT 1048576 MINEXTENTS 1 MAXEXTENTS 2147483645
  PCTINCREASE 0 FREELISTS 1 FREELIST GROUPS 1 BUFFER_POOL DEFAULT FLASH_CACHE DEFAULT CELL_FLASH_CACHE DEFAULT)
  TABLESPACE "USERS" ;
--------------------------------------------------------
--  DDL for Index LOC_STATE_PROVINCE_IX
--------------------------------------------------------

  CREATE INDEX "HR"."LOC_STATE_PROVINCE_IX" ON "HR"."LOCATIONS" ("STATE_PROVINCE") 
  PCTFREE 10 INITRANS 2 MAXTRANS 255 COMPUTE STATISTICS 
  STORAGE(INITIAL 65536 NEXT 1048576 MINEXTENTS 1 MAXEXTENTS 2147483645
  PCTINCREASE 0 FREELISTS 1 FREELIST GROUPS 1 BUFFER_POOL DEFAULT FLASH_CACHE DEFAULT CELL_FLASH_CACHE DEFAULT)
  TABLESPACE "USERS" ;
--------------------------------------------------------
--  DDL for Index LOC_ID_PK
--------------------------------------------------------

  CREATE UNIQUE INDEX "HR"."LOC_ID_PK" ON "HR"."LOCATIONS" ("LOCATION_ID") 
  PCTFREE 10 INITRANS 2 MAXTRANS 255 COMPUTE STATISTICS 
  STORAGE(INITIAL 65536 NEXT 1048576 MINEXTENTS 1 MAXEXTENTS 2147483645
  PCTINCREASE 0 FREELISTS 1 FREELIST GROUPS 1 BUFFER_POOL DEFAULT FLASH_CACHE DEFAULT CELL_FLASH_CACHE DEFAULT)
  TABLESPACE "USERS" ;
--------------------------------------------------------
--  DDL for Index EMP_DEPARTMENT_IX
--------------------------------------------------------

  CREATE INDEX "HR"."EMP_DEPARTMENT_IX" ON "HR"."EMPLOYEES" ("DEPARTMENT_ID") 
  PCTFREE 10 INITRANS 2 MAXTRANS 255 COMPUTE STATISTICS 
  STORAGE(INITIAL 65536 NEXT 1048576 MINEXTENTS 1 MAXEXTENTS 2147483645
  PCTINCREASE 0 FREELISTS 1 FREELIST GROUPS 1 BUFFER_POOL DEFAULT FLASH_CACHE DEFAULT CELL_FLASH_CACHE DEFAULT)
  TABLESPACE "USERS" ;
--------------------------------------------------------
--  DDL for Index EMP_EMAIL_UK
--------------------------------------------------------

  CREATE UNIQUE INDEX "HR"."EMP_EMAIL_UK" ON "HR"."EMPLOYEES" ("EMAIL") 
  PCTFREE 10 INITRANS 2 MAXTRANS 255 COMPUTE STATISTICS 
  STORAGE(INITIAL 65536 NEXT 1048576 MINEXTENTS 1 MAXEXTENTS 2147483645
  PCTINCREASE 0 FREELISTS 1 FREELIST GROUPS 1 BUFFER_POOL DEFAULT FLASH_CACHE DEFAULT CELL_FLASH_CACHE DEFAULT)
  TABLESPACE "USERS" ;
--------------------------------------------------------
--  DDL for Index EMP_NAME_IX
--------------------------------------------------------

  CREATE INDEX "HR"."EMP_NAME_IX" ON "HR"."EMPLOYEES" ("LAST_NAME", "FIRST_NAME") 
  PCTFREE 10 INITRANS 2 MAXTRANS 255 COMPUTE STATISTICS 
  STORAGE(INITIAL 65536 NEXT 1048576 MINEXTENTS 1 MAXEXTENTS 2147483645
  PCTINCREASE 0 FREELISTS 1 FREELIST GROUPS 1 BUFFER_POOL DEFAULT FLASH_CACHE DEFAULT CELL_FLASH_CACHE DEFAULT)
  TABLESPACE "USERS" ;
--------------------------------------------------------
--  DDL for Index EMP_MANAGER_IX
--------------------------------------------------------

  CREATE INDEX "HR"."EMP_MANAGER_IX" ON "HR"."EMPLOYEES" ("MANAGER_ID") 
  PCTFREE 10 INITRANS 2 MAXTRANS 255 COMPUTE STATISTICS 
  STORAGE(INITIAL 65536 NEXT 1048576 MINEXTENTS 1 MAXEXTENTS 2147483645
  PCTINCREASE 0 FREELISTS 1 FREELIST GROUPS 1 BUFFER_POOL DEFAULT FLASH_CACHE DEFAULT CELL_FLASH_CACHE DEFAULT)
  TABLESPACE "USERS" ;
--------------------------------------------------------
--  DDL for Index DEPT_LOCATION_IX
--------------------------------------------------------

  CREATE INDEX "HR"."DEPT_LOCATION_IX" ON "HR"."DEPARTMENTS" ("LOCATION_ID") 
  PCTFREE 10 INITRANS 2 MAXTRANS 255 COMPUTE STATISTICS 
  STORAGE(INITIAL 65536 NEXT 1048576 MINEXTENTS 1 MAXEXTENTS 2147483645
  PCTINCREASE 0 FREELISTS 1 FREELIST GROUPS 1 BUFFER_POOL DEFAULT FLASH_CACHE DEFAULT CELL_FLASH_CACHE DEFAULT)
  TABLESPACE "USERS" ;
--------------------------------------------------------
--  DDL for Index REG_ID_PK
--------------------------------------------------------

  CREATE UNIQUE INDEX "HR"."REG_ID_PK" ON "HR"."REGIONS" ("REGION_ID") 
  PCTFREE 10 INITRANS 2 MAXTRANS 255 COMPUTE STATISTICS 
  STORAGE(INITIAL 65536 NEXT 1048576 MINEXTENTS 1 MAXEXTENTS 2147483645
  PCTINCREASE 0 FREELISTS 1 FREELIST GROUPS 1 BUFFER_POOL DEFAULT FLASH_CACHE DEFAULT CELL_FLASH_CACHE DEFAULT)
  TABLESPACE "USERS" ;
--------------------------------------------------------
--  DDL for Index JHIST_EMP_ID_ST_DATE_PK
--------------------------------------------------------

  CREATE UNIQUE INDEX "HR"."JHIST_EMP_ID_ST_DATE_PK" ON "HR"."JOB_HISTORY" ("EMPLOYEE_ID", "START_DATE") 
  PCTFREE 10 INITRANS 2 MAXTRANS 255 COMPUTE STATISTICS 
  STORAGE(INITIAL 65536 NEXT 1048576 MINEXTENTS 1 MAXEXTENTS 2147483645
  PCTINCREASE 0 FREELISTS 1 FREELIST GROUPS 1 BUFFER_POOL DEFAULT FLASH_CACHE DEFAULT CELL_FLASH_CACHE DEFAULT)
  TABLESPACE "USERS" ;
--------------------------------------------------------
--  DDL for Index JHIST_DEPARTMENT_IX
--------------------------------------------------------

  CREATE INDEX "HR"."JHIST_DEPARTMENT_IX" ON "HR"."JOB_HISTORY" ("DEPARTMENT_ID") 
  PCTFREE 10 INITRANS 2 MAXTRANS 255 COMPUTE STATISTICS 
  STORAGE(INITIAL 65536 NEXT 1048576 MINEXTENTS 1 MAXEXTENTS 2147483645
  PCTINCREASE 0 FREELISTS 1 FREELIST GROUPS 1 BUFFER_POOL DEFAULT FLASH_CACHE DEFAULT CELL_FLASH_CACHE DEFAULT)
  TABLESPACE "USERS" ;
--------------------------------------------------------
--  DDL for Index EMP_EMP_ID_PK
--------------------------------------------------------

  CREATE UNIQUE INDEX "HR"."EMP_EMP_ID_PK" ON "HR"."EMPLOYEES" ("EMPLOYEE_ID") 
  PCTFREE 10 INITRANS 2 MAXTRANS 255 COMPUTE STATISTICS 
  STORAGE(INITIAL 65536 NEXT 1048576 MINEXTENTS 1 MAXEXTENTS 2147483645
  PCTINCREASE 0 FREELISTS 1 FREELIST GROUPS 1 BUFFER_POOL DEFAULT FLASH_CACHE DEFAULT CELL_FLASH_CACHE DEFAULT)
  TABLESPACE "USERS" ;
--------------------------------------------------------
--  DDL for Index DEPT_ID_PK
--------------------------------------------------------

  CREATE UNIQUE INDEX "HR"."DEPT_ID_PK" ON "HR"."DEPARTMENTS" ("DEPARTMENT_ID") 
  PCTFREE 10 INITRANS 2 MAXTRANS 255 COMPUTE STATISTICS 
  STORAGE(INITIAL 65536 NEXT 1048576 MINEXTENTS 1 MAXEXTENTS 2147483645
  PCTINCREASE 0 FREELISTS 1 FREELIST GROUPS 1 BUFFER_POOL DEFAULT FLASH_CACHE DEFAULT CELL_FLASH_CACHE DEFAULT)
  TABLESPACE "USERS" ;
--------------------------------------------------------
--  DDL for Index COUNTRY_C_ID_PK
--------------------------------------------------------

  CREATE UNIQUE INDEX "HR"."COUNTRY_C_ID_PK" ON "HR"."COUNTRIES" ("COUNTRY_ID") 
  PCTFREE 10 INITRANS 2 MAXTRANS 255 COMPUTE STATISTICS 
  STORAGE(INITIAL 65536 NEXT 1048576 MINEXTENTS 1 MAXEXTENTS 2147483645
  PCTINCREASE 0 FREELISTS 1 FREELIST GROUPS 1 BUFFER_POOL DEFAULT FLASH_CACHE DEFAULT CELL_FLASH_CACHE DEFAULT)
  TABLESPACE "USERS" ;
--------------------------------------------------------
--  DDL for Index JHIST_JOB_IX
--------------------------------------------------------

  CREATE INDEX "HR"."JHIST_JOB_IX" ON "HR"."JOB_HISTORY" ("JOB_ID") 
  PCTFREE 10 INITRANS 2 MAXTRANS 255 COMPUTE STATISTICS 
  STORAGE(INITIAL 65536 NEXT 1048576 MINEXTENTS 1 MAXEXTENTS 2147483645
  PCTINCREASE 0 FREELISTS 1 FREELIST GROUPS 1 BUFFER_POOL DEFAULT FLASH_CACHE DEFAULT CELL_FLASH_CACHE DEFAULT)
  TABLESPACE "USERS" ;
--------------------------------------------------------
--  DDL for Index JHIST_EMPLOYEE_IX
--------------------------------------------------------

  CREATE INDEX "HR"."JHIST_EMPLOYEE_IX" ON "HR"."JOB_HISTORY" ("EMPLOYEE_ID") 
  PCTFREE 10 INITRANS 2 MAXTRANS 255 COMPUTE STATISTICS 
  STORAGE(INITIAL 65536 NEXT 1048576 MINEXTENTS 1 MAXEXTENTS 2147483645
  PCTINCREASE 0 FREELISTS 1 FREELIST GROUPS 1 BUFFER_POOL DEFAULT FLASH_CACHE DEFAULT CELL_FLASH_CACHE DEFAULT)
  TABLESPACE "USERS" ;
--------------------------------------------------------
--  DDL for Index LOC_COUNTRY_IX
--------------------------------------------------------

  CREATE INDEX "HR"."LOC_COUNTRY_IX" ON "HR"."LOCATIONS" ("COUNTRY_ID") 
  PCTFREE 10 INITRANS 2 MAXTRANS 255 COMPUTE STATISTICS 
  STORAGE(INITIAL 65536 NEXT 1048576 MINEXTENTS 1 MAXEXTENTS 2147483645
  PCTINCREASE 0 FREELISTS 1 FREELIST GROUPS 1 BUFFER_POOL DEFAULT FLASH_CACHE DEFAULT CELL_FLASH_CACHE DEFAULT)
  TABLESPACE "USERS" ;
--------------------------------------------------------
--  DDL for Index EMP_JOB_IX
--------------------------------------------------------

  CREATE INDEX "HR"."EMP_JOB_IX" ON "HR"."EMPLOYEES" ("JOB_ID") 
  PCTFREE 10 INITRANS 2 MAXTRANS 255 COMPUTE STATISTICS 
  STORAGE(INITIAL 65536 NEXT 1048576 MINEXTENTS 1 MAXEXTENTS 2147483645
  PCTINCREASE 0 FREELISTS 1 FREELIST GROUPS 1 BUFFER_POOL DEFAULT FLASH_CACHE DEFAULT CELL_FLASH_CACHE DEFAULT)
  TABLESPACE "USERS" ;
--------------------------------------------------------
--  DDL for Index LOC_CITY_IX
--------------------------------------------------------

  CREATE INDEX "HR"."LOC_CITY_IX" ON "HR"."LOCATIONS" ("CITY") 
  PCTFREE 10 INITRANS 2 MAXTRANS 255 COMPUTE STATISTICS 
  STORAGE(INITIAL 65536 NEXT 1048576 MINEXTENTS 1 MAXEXTENTS 2147483645
  PCTINCREASE 0 FREELISTS 1 FREELIST GROUPS 1 BUFFER_POOL DEFAULT FLASH_CACHE DEFAULT CELL_FLASH_CACHE DEFAULT)
  TABLESPACE "USERS" ;
--------------------------------------------------------
--  DDL for Index JOB_ID_PK
--------------------------------------------------------

  CREATE UNIQUE INDEX "HR"."JOB_ID_PK" ON "HR"."JOBS" ("JOB_ID") 
  PCTFREE 10 INITRANS 2 MAXTRANS 255 COMPUTE STATISTICS 
  STORAGE(INITIAL 65536 NEXT 1048576 MINEXTENTS 1 MAXEXTENTS 2147483645
  PCTINCREASE 0 FREELISTS 1 FREELIST GROUPS 1 BUFFER_POOL DEFAULT FLASH_CACHE DEFAULT CELL_FLASH_CACHE DEFAULT)
  TABLESPACE "USERS" ;
--------------------------------------------------------
--  DDL for Trigger SECURE_EMPLOYEES
--------------------------------------------------------

  CREATE OR REPLACE TRIGGER "HR"."SECURE_EMPLOYEES" 
  BEFORE INSERT OR UPDATE OR DELETE ON employees
BEGIN
  secure_dml;
END secure_employees;
/
ALTER TRIGGER "HR"."SECURE_EMPLOYEES" DISABLE;
--------------------------------------------------------
--  DDL for Trigger TG_RETIRE
--------------------------------------------------------

  CREATE OR REPLACE TRIGGER "HR"."TG_RETIRE" 
       BEFORE UPDATE ON EMPLOYEES
       FOR EACH ROW                 --각행마다 트리거가 실행될 수 있도록 만들어줌
       BEGIN
       INSERT INTO RETIRES 
              VALUES(:OLD.EMPLOYEE_ID, SYSDATE, 
                     :OLD.JOB_ID,:OLD.DEPARTMENT_ID);
       END;
/
ALTER TRIGGER "HR"."TG_RETIRE" ENABLE;
--------------------------------------------------------
--  DDL for Trigger UPDATE_JOB_HISTORY
--------------------------------------------------------

  CREATE OR REPLACE TRIGGER "HR"."UPDATE_JOB_HISTORY" 
  AFTER UPDATE OF job_id, department_id ON employees
  FOR EACH ROW
BEGIN
  add_job_history(:old.employee_id, :old.hire_date, sysdate,
                  :old.job_id, :old.department_id);
END;
/
ALTER TRIGGER "HR"."UPDATE_JOB_HISTORY" ENABLE;
--------------------------------------------------------
--  DDL for Procedure ADD_JOB_HISTORY
--------------------------------------------------------
set define off;

  CREATE OR REPLACE PROCEDURE "HR"."ADD_JOB_HISTORY" 
  (  p_emp_id          job_history.employee_id%type
   , p_start_date      job_history.start_date%type
   , p_end_date        job_history.end_date%type
   , p_job_id          job_history.job_id%type
   , p_department_id   job_history.department_id%type
   )
IS
BEGIN
  INSERT INTO job_history (employee_id, start_date, end_date,
                           job_id, department_id)
    VALUES(p_emp_id, p_start_date, p_end_date, p_job_id, p_department_id);
END add_job_history;

/
--------------------------------------------------------
--  DDL for Procedure SECURE_DML
--------------------------------------------------------
set define off;

  CREATE OR REPLACE PROCEDURE "HR"."SECURE_DML" 
IS
BEGIN
  IF TO_CHAR (SYSDATE, 'HH24:MI') NOT BETWEEN '08:00' AND '18:00'
        OR TO_CHAR (SYSDATE, 'DY') IN ('SAT', 'SUN') THEN
	RAISE_APPLICATION_ERROR (-20205,
		'You may only make changes during normal office hours');
  END IF;
END secure_dml;

/
--------------------------------------------------------
--  DDL for Function FN_AMT_BUYQTY
--------------------------------------------------------

  CREATE OR REPLACE FUNCTION "HR"."FN_AMT_BUYQTY" (
        P_YEAR CHAR, P_PID PROD.PROD_ID%TYPE
         )
         RETURN NUMBER;
         V_SQTY NUMBER :=0;
         BEGIN
         SELECT SUM(BUY_QTY) INTO V_SQTY
         FROM BUYPROD
         WHERE EXTRACT(YEAR FROM BUY_DATE)= P_YEAR
             AND BUY_PROD = P_PID;
        RETURN V_SQTY;
        END;

/
--------------------------------------------------------
--  DDL for Function FN_EMP_ADDR
--------------------------------------------------------

  CREATE OR REPLACE FUNCTION "HR"."FN_EMP_ADDR" (
     P_EID  IN  HR.EMPLOYEES.EMPLOYEE_ID%TYPE)
     RETURN VARCHAR2
     IS
     V_RES VARCHAR2(200); --부서명
     V_ADDR VARCHAR2(100);
     BEGIN
      SELECT A.DEPARTMENT_NAME, 
             'ZIP CODE : '||B.POSTAL_CODE||
             ' '||STREET_ADDRESS||', '||CITY||
             ' '||STATE_PROVINCE
             INTO V_RES, V_ADDR
            FROM HR.DEPARTMENTS A, HR.LOCATIONS B , HR.EMPLOYEES C
      WHERE C.EMPLOYEE_ID = P_EID
           AND C.DEPARTMENT_ID =A.DEPARTMENT_ID --부서명 가져오기
           AND A.LOCATION_ID = B.LOCATION_ID; --주소 가져오기
           V_RES := V_RES||'  '||V_ADDR;
    RETURN V_RES;
    EXCEPTION WHEN OTHERS THEN
      DBMS_OUTPUT.PUT_LINE('예외발생 :'||SQLERRM);
      RETURN NULL;
     END;

/
--------------------------------------------------------
--  DDL for Function FN_SUM_BUYAMT
--------------------------------------------------------

  CREATE OR REPLACE FUNCTION "HR"."FN_SUM_BUYAMT" (
        P_YEAR CHAR, P_PID PROD.PROD_ID%TYPE)
         RETURN NUMBER
         IS
         V_SAMT NUMBER :=0;
         BEGIN
         SELECT SUM(BUY_QTY*BUY_COST) INTO V_SAMT
         FROM BUYPROD
         WHERE EXTRACT(YEAR FROM BUY_DATE)= P_YEAR
             AND BUY_PROD = P_PID;
        RETURN V_SAMT;
        END;

/
--------------------------------------------------------
--  Constraints for Table REGIONS
--------------------------------------------------------

  ALTER TABLE "HR"."REGIONS" ADD CONSTRAINT "REG_ID_PK" PRIMARY KEY ("REGION_ID")
  USING INDEX PCTFREE 10 INITRANS 2 MAXTRANS 255 COMPUTE STATISTICS 
  STORAGE(INITIAL 65536 NEXT 1048576 MINEXTENTS 1 MAXEXTENTS 2147483645
  PCTINCREASE 0 FREELISTS 1 FREELIST GROUPS 1 BUFFER_POOL DEFAULT FLASH_CACHE DEFAULT CELL_FLASH_CACHE DEFAULT)
  TABLESPACE "USERS"  ENABLE;
  ALTER TABLE "HR"."REGIONS" MODIFY ("REGION_ID" CONSTRAINT "REGION_ID_NN" NOT NULL ENABLE);
--------------------------------------------------------
--  Constraints for Table LOCATIONS
--------------------------------------------------------

  ALTER TABLE "HR"."LOCATIONS" ADD CONSTRAINT "LOC_ID_PK" PRIMARY KEY ("LOCATION_ID")
  USING INDEX PCTFREE 10 INITRANS 2 MAXTRANS 255 COMPUTE STATISTICS 
  STORAGE(INITIAL 65536 NEXT 1048576 MINEXTENTS 1 MAXEXTENTS 2147483645
  PCTINCREASE 0 FREELISTS 1 FREELIST GROUPS 1 BUFFER_POOL DEFAULT FLASH_CACHE DEFAULT CELL_FLASH_CACHE DEFAULT)
  TABLESPACE "USERS"  ENABLE;
  ALTER TABLE "HR"."LOCATIONS" MODIFY ("CITY" CONSTRAINT "LOC_CITY_NN" NOT NULL ENABLE);
--------------------------------------------------------
--  Constraints for Table EMPLOYEES
--------------------------------------------------------

  ALTER TABLE "HR"."EMPLOYEES" ADD CONSTRAINT "EMP_EMP_ID_PK" PRIMARY KEY ("EMPLOYEE_ID")
  USING INDEX PCTFREE 10 INITRANS 2 MAXTRANS 255 COMPUTE STATISTICS 
  STORAGE(INITIAL 65536 NEXT 1048576 MINEXTENTS 1 MAXEXTENTS 2147483645
  PCTINCREASE 0 FREELISTS 1 FREELIST GROUPS 1 BUFFER_POOL DEFAULT FLASH_CACHE DEFAULT CELL_FLASH_CACHE DEFAULT)
  TABLESPACE "USERS"  ENABLE;
  ALTER TABLE "HR"."EMPLOYEES" ADD CONSTRAINT "EMP_EMAIL_UK" UNIQUE ("EMAIL")
  USING INDEX PCTFREE 10 INITRANS 2 MAXTRANS 255 COMPUTE STATISTICS 
  STORAGE(INITIAL 65536 NEXT 1048576 MINEXTENTS 1 MAXEXTENTS 2147483645
  PCTINCREASE 0 FREELISTS 1 FREELIST GROUPS 1 BUFFER_POOL DEFAULT FLASH_CACHE DEFAULT CELL_FLASH_CACHE DEFAULT)
  TABLESPACE "USERS"  ENABLE;
  ALTER TABLE "HR"."EMPLOYEES" ADD CONSTRAINT "EMP_SALARY_MIN" CHECK (salary > 0) ENABLE;
  ALTER TABLE "HR"."EMPLOYEES" MODIFY ("JOB_ID" CONSTRAINT "EMP_JOB_NN" NOT NULL ENABLE);
  ALTER TABLE "HR"."EMPLOYEES" MODIFY ("HIRE_DATE" CONSTRAINT "EMP_HIRE_DATE_NN" NOT NULL ENABLE);
  ALTER TABLE "HR"."EMPLOYEES" MODIFY ("EMAIL" CONSTRAINT "EMP_EMAIL_NN" NOT NULL ENABLE);
  ALTER TABLE "HR"."EMPLOYEES" MODIFY ("LAST_NAME" CONSTRAINT "EMP_LAST_NAME_NN" NOT NULL ENABLE);
--------------------------------------------------------
--  Constraints for Table DEPARTMENTS
--------------------------------------------------------

  ALTER TABLE "HR"."DEPARTMENTS" ADD CONSTRAINT "DEPT_ID_PK" PRIMARY KEY ("DEPARTMENT_ID")
  USING INDEX PCTFREE 10 INITRANS 2 MAXTRANS 255 COMPUTE STATISTICS 
  STORAGE(INITIAL 65536 NEXT 1048576 MINEXTENTS 1 MAXEXTENTS 2147483645
  PCTINCREASE 0 FREELISTS 1 FREELIST GROUPS 1 BUFFER_POOL DEFAULT FLASH_CACHE DEFAULT CELL_FLASH_CACHE DEFAULT)
  TABLESPACE "USERS"  ENABLE;
  ALTER TABLE "HR"."DEPARTMENTS" MODIFY ("DEPARTMENT_NAME" CONSTRAINT "DEPT_NAME_NN" NOT NULL ENABLE);
--------------------------------------------------------
--  Constraints for Table JOB_HISTORY
--------------------------------------------------------

  ALTER TABLE "HR"."JOB_HISTORY" ADD CONSTRAINT "JHIST_EMP_ID_ST_DATE_PK" PRIMARY KEY ("EMPLOYEE_ID", "START_DATE")
  USING INDEX PCTFREE 10 INITRANS 2 MAXTRANS 255 COMPUTE STATISTICS 
  STORAGE(INITIAL 65536 NEXT 1048576 MINEXTENTS 1 MAXEXTENTS 2147483645
  PCTINCREASE 0 FREELISTS 1 FREELIST GROUPS 1 BUFFER_POOL DEFAULT FLASH_CACHE DEFAULT CELL_FLASH_CACHE DEFAULT)
  TABLESPACE "USERS"  ENABLE;
  ALTER TABLE "HR"."JOB_HISTORY" ADD CONSTRAINT "JHIST_DATE_INTERVAL" CHECK (end_date > start_date) ENABLE;
  ALTER TABLE "HR"."JOB_HISTORY" MODIFY ("JOB_ID" CONSTRAINT "JHIST_JOB_NN" NOT NULL ENABLE);
  ALTER TABLE "HR"."JOB_HISTORY" MODIFY ("END_DATE" CONSTRAINT "JHIST_END_DATE_NN" NOT NULL ENABLE);
  ALTER TABLE "HR"."JOB_HISTORY" MODIFY ("START_DATE" CONSTRAINT "JHIST_START_DATE_NN" NOT NULL ENABLE);
  ALTER TABLE "HR"."JOB_HISTORY" MODIFY ("EMPLOYEE_ID" CONSTRAINT "JHIST_EMPLOYEE_NN" NOT NULL ENABLE);
--------------------------------------------------------
--  Constraints for Table RETIRES
--------------------------------------------------------

  ALTER TABLE "HR"."RETIRES" ADD CONSTRAINT "PK_RETIRES" PRIMARY KEY ("EMPLOYEE_ID")
  USING INDEX PCTFREE 10 INITRANS 2 MAXTRANS 255 COMPUTE STATISTICS 
  STORAGE(INITIAL 65536 NEXT 1048576 MINEXTENTS 1 MAXEXTENTS 2147483645
  PCTINCREASE 0 FREELISTS 1 FREELIST GROUPS 1 BUFFER_POOL DEFAULT FLASH_CACHE DEFAULT CELL_FLASH_CACHE DEFAULT)
  TABLESPACE "USERS"  ENABLE;
--------------------------------------------------------
--  Constraints for Table COUNTRIES
--------------------------------------------------------

  ALTER TABLE "HR"."COUNTRIES" ADD CONSTRAINT "COUNTRY_C_ID_PK" PRIMARY KEY ("COUNTRY_ID")
  USING INDEX PCTFREE 10 INITRANS 2 MAXTRANS 255 COMPUTE STATISTICS 
  STORAGE(INITIAL 65536 NEXT 1048576 MINEXTENTS 1 MAXEXTENTS 2147483645
  PCTINCREASE 0 FREELISTS 1 FREELIST GROUPS 1 BUFFER_POOL DEFAULT FLASH_CACHE DEFAULT CELL_FLASH_CACHE DEFAULT)
  TABLESPACE "USERS"  ENABLE;
  ALTER TABLE "HR"."COUNTRIES" MODIFY ("COUNTRY_ID" CONSTRAINT "COUNTRY_ID_NN" NOT NULL ENABLE);
--------------------------------------------------------
--  Constraints for Table JOBS
--------------------------------------------------------

  ALTER TABLE "HR"."JOBS" ADD CONSTRAINT "JOB_ID_PK" PRIMARY KEY ("JOB_ID")
  USING INDEX PCTFREE 10 INITRANS 2 MAXTRANS 255 COMPUTE STATISTICS 
  STORAGE(INITIAL 65536 NEXT 1048576 MINEXTENTS 1 MAXEXTENTS 2147483645
  PCTINCREASE 0 FREELISTS 1 FREELIST GROUPS 1 BUFFER_POOL DEFAULT FLASH_CACHE DEFAULT CELL_FLASH_CACHE DEFAULT)
  TABLESPACE "USERS"  ENABLE;
  ALTER TABLE "HR"."JOBS" MODIFY ("JOB_TITLE" CONSTRAINT "JOB_TITLE_NN" NOT NULL ENABLE);
--------------------------------------------------------
--  Ref Constraints for Table COUNTRIES
--------------------------------------------------------

  ALTER TABLE "HR"."COUNTRIES" ADD CONSTRAINT "COUNTR_REG_FK" FOREIGN KEY ("REGION_ID")
	  REFERENCES "HR"."REGIONS" ("REGION_ID") ENABLE;
--------------------------------------------------------
--  Ref Constraints for Table DEPARTMENTS
--------------------------------------------------------

  ALTER TABLE "HR"."DEPARTMENTS" ADD CONSTRAINT "DEPT_LOC_FK" FOREIGN KEY ("LOCATION_ID")
	  REFERENCES "HR"."LOCATIONS" ("LOCATION_ID") ENABLE;
  ALTER TABLE "HR"."DEPARTMENTS" ADD CONSTRAINT "DEPT_MGR_FK" FOREIGN KEY ("MANAGER_ID")
	  REFERENCES "HR"."EMPLOYEES" ("EMPLOYEE_ID") ENABLE;
--------------------------------------------------------
--  Ref Constraints for Table EMPLOYEES
--------------------------------------------------------

  ALTER TABLE "HR"."EMPLOYEES" ADD CONSTRAINT "EMP_DEPT_FK" FOREIGN KEY ("DEPARTMENT_ID")
	  REFERENCES "HR"."DEPARTMENTS" ("DEPARTMENT_ID") ENABLE;
  ALTER TABLE "HR"."EMPLOYEES" ADD CONSTRAINT "EMP_JOB_FK" FOREIGN KEY ("JOB_ID")
	  REFERENCES "HR"."JOBS" ("JOB_ID") ENABLE;
  ALTER TABLE "HR"."EMPLOYEES" ADD CONSTRAINT "EMP_MANAGER_FK" FOREIGN KEY ("MANAGER_ID")
	  REFERENCES "HR"."EMPLOYEES" ("EMPLOYEE_ID") ENABLE;
--------------------------------------------------------
--  Ref Constraints for Table JOB_HISTORY
--------------------------------------------------------

  ALTER TABLE "HR"."JOB_HISTORY" ADD CONSTRAINT "JHIST_DEPT_FK" FOREIGN KEY ("DEPARTMENT_ID")
	  REFERENCES "HR"."DEPARTMENTS" ("DEPARTMENT_ID") ENABLE;
  ALTER TABLE "HR"."JOB_HISTORY" ADD CONSTRAINT "JHIST_EMP_FK" FOREIGN KEY ("EMPLOYEE_ID")
	  REFERENCES "HR"."EMPLOYEES" ("EMPLOYEE_ID") ENABLE;
  ALTER TABLE "HR"."JOB_HISTORY" ADD CONSTRAINT "JHIST_JOB_FK" FOREIGN KEY ("JOB_ID")
	  REFERENCES "HR"."JOBS" ("JOB_ID") ENABLE;
--------------------------------------------------------
--  Ref Constraints for Table LOCATIONS
--------------------------------------------------------

  ALTER TABLE "HR"."LOCATIONS" ADD CONSTRAINT "LOC_C_ID_FK" FOREIGN KEY ("COUNTRY_ID")
	  REFERENCES "HR"."COUNTRIES" ("COUNTRY_ID") ENABLE;
--------------------------------------------------------
--  Ref Constraints for Table RETIRES
--------------------------------------------------------

  ALTER TABLE "HR"."RETIRES" ADD CONSTRAINT "FK_RET_DEPT" FOREIGN KEY ("DEPARTMENT_ID")
	  REFERENCES "HR"."DEPARTMENTS" ("DEPARTMENT_ID") ENABLE;
  ALTER TABLE "HR"."RETIRES" ADD CONSTRAINT "FK_RET_EMP" FOREIGN KEY ("EMPLOYEE_ID")
	  REFERENCES "HR"."EMPLOYEES" ("EMPLOYEE_ID") ENABLE;
  ALTER TABLE "HR"."RETIRES" ADD CONSTRAINT "FK_RET_JOBS" FOREIGN KEY ("JOB_ID")
	  REFERENCES "HR"."JOBS" ("JOB_ID") ENABLE;
